horizon,median,pctl_84,pctl_16,variable,model,varirf
1,-0.6459,-0.5894,-0.6986,output,bayesian_fd,
2,-0.6602,-0.5894,-0.7288,output,bayesian_fd,
3,-0.6422,-0.5525,-0.7361,output,bayesian_fd,
4,-0.6023,-0.499,-0.7137,output,bayesian_fd,
5,-0.555,-0.4398,-0.6809,output,bayesian_fd,
6,-0.5037,-0.3732,-0.6394,output,bayesian_fd,
7,-0.4479,-0.3089,-0.5944,output,bayesian_fd,
8,-0.3902,-0.2433,-0.5458,output,bayesian_fd,
9,-0.3354,-0.1792,-0.4988,output,bayesian_fd,
10,-0.2788,-0.1214,-0.4536,output,bayesian_fd,
11,-0.2282,-0.0622,-0.412,output,bayesian_fd,
12,-0.1865,-0.0144,-0.368,output,bayesian_fd,
13,-0.1461,0.0303,-0.3282,output,bayesian_fd,
14,-0.1158,0.0615,-0.3011,output,bayesian_fd,
15,-0.0904,0.0967,-0.2735,output,bayesian_fd,
16,-0.0692,0.1215,-0.2512,output,bayesian_fd,
17,-0.0508,0.1431,-0.2308,output,bayesian_fd,
18,-0.0381,0.1545,-0.2178,output,bayesian_fd,
19,-0.0281,0.1647,-0.213,output,bayesian_fd,
20,-0.0246,0.1706,-0.2081,output,bayesian_fd,
21,-0.0196,0.1714,-0.2069,output,bayesian_fd,
22,-0.0218,0.1685,-0.204,output,bayesian_fd,
23,-0.0259,0.1596,-0.2052,output,bayesian_fd,
24,-0.0274,0.1497,-0.2097,output,bayesian_fd,
25,-0.0327,0.1424,-0.2143,output,bayesian_fd,
26,-0.0395,0.131,-0.2193,output,bayesian_fd,
27,-0.0475,0.1211,-0.2268,output,bayesian_fd,
28,-0.0575,0.1088,-0.2355,output,bayesian_fd,
29,-0.0658,0.0977,-0.241,output,bayesian_fd,
30,-0.0744,0.0895,-0.2492,output,bayesian_fd,
31,-0.0821,0.078,-0.2542,output,bayesian_fd,
32,-0.0896,0.0666,-0.2621,output,bayesian_fd,
33,-0.0941,0.057,-0.267,output,bayesian_fd,
34,-0.101,0.0469,-0.2707,output,bayesian_fd,
35,-0.1066,0.042,-0.2726,output,bayesian_fd,
36,-0.111,0.0387,-0.2755,output,bayesian_fd,
37,-0.1142,0.0351,-0.2786,output,bayesian_fd,
38,-0.1181,0.0301,-0.2808,output,bayesian_fd,
39,-0.1205,0.0267,-0.2832,output,bayesian_fd,
40,-0.1218,0.0262,-0.2883,output,bayesian_fd,
1,-2.3387,-2.1405,-2.5137,investment,bayesian_fd,
2,-2.3926,-2.1442,-2.6047,investment,bayesian_fd,
3,-2.1913,-1.8908,-2.4678,investment,bayesian_fd,
4,-1.939,-1.5913,-2.2859,investment,bayesian_fd,
5,-1.6748,-1.2764,-2.0621,investment,bayesian_fd,
6,-1.3978,-0.9573,-1.8309,investment,bayesian_fd,
7,-1.1238,-0.6649,-1.5838,investment,bayesian_fd,
8,-0.8668,-0.4032,-1.3413,investment,bayesian_fd,
9,-0.6326,-0.1606,-1.1111,investment,bayesian_fd,
10,-0.4155,0.0655,-0.9007,investment,bayesian_fd,
11,-0.2215,0.2526,-0.7098,investment,bayesian_fd,
12,-0.0628,0.4023,-0.547,investment,bayesian_fd,
13,0.0691,0.5434,-0.3963,investment,bayesian_fd,
14,0.1846,0.6587,-0.2917,investment,bayesian_fd,
15,0.2523,0.7305,-0.1991,investment,bayesian_fd,
16,0.3191,0.7943,-0.1328,investment,bayesian_fd,
17,0.352,0.8312,-0.0952,investment,bayesian_fd,
18,0.3675,0.8469,-0.0781,investment,bayesian_fd,
19,0.3645,0.8377,-0.0688,investment,bayesian_fd,
20,0.3549,0.8298,-0.0731,investment,bayesian_fd,
21,0.3287,0.7953,-0.0695,investment,bayesian_fd,
22,0.2939,0.7549,-0.0889,investment,bayesian_fd,
23,0.2568,0.6986,-0.1189,investment,bayesian_fd,
24,0.2129,0.6357,-0.1537,investment,bayesian_fd,
25,0.1718,0.5814,-0.192,investment,bayesian_fd,
26,0.1233,0.5153,-0.2211,investment,bayesian_fd,
27,0.0788,0.4594,-0.2568,investment,bayesian_fd,
28,0.0344,0.4001,-0.2965,investment,bayesian_fd,
29,-0.0032,0.3471,-0.3321,investment,bayesian_fd,
30,-0.0392,0.2909,-0.3569,investment,bayesian_fd,
31,-0.0813,0.2318,-0.3882,investment,bayesian_fd,
32,-0.1144,0.1913,-0.4177,investment,bayesian_fd,
33,-0.1419,0.1543,-0.4485,investment,bayesian_fd,
34,-0.1634,0.1262,-0.4617,investment,bayesian_fd,
35,-0.1801,0.1037,-0.4747,investment,bayesian_fd,
36,-0.1959,0.084,-0.4907,investment,bayesian_fd,
37,-0.2041,0.0592,-0.4981,investment,bayesian_fd,
38,-0.2107,0.0506,-0.5067,investment,bayesian_fd,
39,-0.2135,0.0376,-0.5118,investment,bayesian_fd,
40,-0.2124,0.03,-0.513,investment,bayesian_fd,
1,-0.1165,-0.0817,-0.1531,consumption,bayesian_fd,
2,-0.1732,-0.1343,-0.2113,consumption,bayesian_fd,
3,-0.1976,-0.1507,-0.241,consumption,bayesian_fd,
4,-0.2064,-0.1492,-0.261,consumption,bayesian_fd,
5,-0.2062,-0.1372,-0.2706,consumption,bayesian_fd,
6,-0.1967,-0.1227,-0.2715,consumption,bayesian_fd,
7,-0.1835,-0.0999,-0.2659,consumption,bayesian_fd,
8,-0.166,-0.0759,-0.256,consumption,bayesian_fd,
9,-0.1453,-0.0462,-0.2462,consumption,bayesian_fd,
10,-0.1245,-0.0168,-0.2321,consumption,bayesian_fd,
11,-0.1034,0.0114,-0.2168,consumption,bayesian_fd,
12,-0.083,0.0439,-0.2021,consumption,bayesian_fd,
13,-0.0666,0.0675,-0.188,consumption,bayesian_fd,
14,-0.0477,0.0946,-0.1755,consumption,bayesian_fd,
15,-0.0322,0.1169,-0.1655,consumption,bayesian_fd,
16,-0.0203,0.1338,-0.1584,consumption,bayesian_fd,
17,-0.0084,0.1506,-0.1553,consumption,bayesian_fd,
18,-0.0019,0.1604,-0.1505,consumption,bayesian_fd,
19,0.0034,0.1655,-0.1487,consumption,bayesian_fd,
20,0.008,0.1686,-0.1481,consumption,bayesian_fd,
21,0.0075,0.1724,-0.1491,consumption,bayesian_fd,
22,0.0069,0.1735,-0.1499,consumption,bayesian_fd,
23,0.0069,0.1741,-0.1531,consumption,bayesian_fd,
24,0.0036,0.1685,-0.1592,consumption,bayesian_fd,
25,0.001,0.1642,-0.1639,consumption,bayesian_fd,
26,-0.0018,0.1571,-0.17,consumption,bayesian_fd,
27,-0.0084,0.1504,-0.177,consumption,bayesian_fd,
28,-0.0132,0.1449,-0.1838,consumption,bayesian_fd,
29,-0.0184,0.1393,-0.1936,consumption,bayesian_fd,
30,-0.024,0.1348,-0.1984,consumption,bayesian_fd,
31,-0.0304,0.1281,-0.2096,consumption,bayesian_fd,
32,-0.0381,0.1234,-0.2157,consumption,bayesian_fd,
33,-0.0482,0.1164,-0.2214,consumption,bayesian_fd,
34,-0.0538,0.1071,-0.2286,consumption,bayesian_fd,
35,-0.0596,0.1009,-0.235,consumption,bayesian_fd,
36,-0.0647,0.0913,-0.2399,consumption,bayesian_fd,
37,-0.0682,0.085,-0.2433,consumption,bayesian_fd,
38,-0.0719,0.0797,-0.2492,consumption,bayesian_fd,
39,-0.0762,0.0775,-0.2556,consumption,bayesian_fd,
40,-0.0811,0.0741,-0.2596,consumption,bayesian_fd,
1,-0.4455,-0.3986,-0.4913,hours_worked,bayesian_fd,
2,-0.4747,-0.4298,-0.5197,hours_worked,bayesian_fd,
3,-0.479,-0.419,-0.5364,hours_worked,bayesian_fd,
4,-0.4605,-0.3891,-0.5328,hours_worked,bayesian_fd,
5,-0.4238,-0.3441,-0.5149,hours_worked,bayesian_fd,
6,-0.3845,-0.2924,-0.4863,hours_worked,bayesian_fd,
7,-0.3383,-0.237,-0.448,hours_worked,bayesian_fd,
8,-0.2889,-0.1814,-0.4084,hours_worked,bayesian_fd,
9,-0.239,-0.121,-0.3635,hours_worked,bayesian_fd,
10,-0.1901,-0.0669,-0.3183,hours_worked,bayesian_fd,
11,-0.141,-0.018,-0.2702,hours_worked,bayesian_fd,
12,-0.0968,0.0302,-0.2294,hours_worked,bayesian_fd,
13,-0.0553,0.0738,-0.1901,hours_worked,bayesian_fd,
14,-0.0193,0.1094,-0.1541,hours_worked,bayesian_fd,
15,0.0108,0.143,-0.1241,hours_worked,bayesian_fd,
16,0.0358,0.1713,-0.0959,hours_worked,bayesian_fd,
17,0.0561,0.1977,-0.0741,hours_worked,bayesian_fd,
18,0.0726,0.2119,-0.0581,hours_worked,bayesian_fd,
19,0.0817,0.222,-0.0473,hours_worked,bayesian_fd,
20,0.0871,0.229,-0.0424,hours_worked,bayesian_fd,
21,0.0874,0.2281,-0.0347,hours_worked,bayesian_fd,
22,0.0864,0.2262,-0.0354,hours_worked,bayesian_fd,
23,0.0824,0.2177,-0.0376,hours_worked,bayesian_fd,
24,0.0748,0.2116,-0.0413,hours_worked,bayesian_fd,
25,0.0692,0.1992,-0.0464,hours_worked,bayesian_fd,
26,0.0596,0.1867,-0.0539,hours_worked,bayesian_fd,
27,0.0495,0.1708,-0.0619,hours_worked,bayesian_fd,
28,0.0409,0.1584,-0.0679,hours_worked,bayesian_fd,
29,0.0297,0.1423,-0.0756,hours_worked,bayesian_fd,
30,0.0192,0.1315,-0.0855,hours_worked,bayesian_fd,
31,0.0068,0.1192,-0.096,hours_worked,bayesian_fd,
32,-0.0038,0.1064,-0.1071,hours_worked,bayesian_fd,
33,-0.0134,0.0936,-0.1151,hours_worked,bayesian_fd,
34,-0.0227,0.0816,-0.1235,hours_worked,bayesian_fd,
35,-0.0297,0.0726,-0.1312,hours_worked,bayesian_fd,
36,-0.0373,0.0626,-0.1381,hours_worked,bayesian_fd,
37,-0.0443,0.0551,-0.147,hours_worked,bayesian_fd,
38,-0.0499,0.0498,-0.153,hours_worked,bayesian_fd,
39,-0.0548,0.0446,-0.1573,hours_worked,bayesian_fd,
40,-0.0586,0.0394,-0.1618,hours_worked,bayesian_fd,
1,0.2458,0.2634,0.2279,unemployment,bayesian_fd,
2,0.3225,0.3416,0.3054,unemployment,bayesian_fd,
3,0.3452,0.3669,0.3223,unemployment,bayesian_fd,
4,0.3472,0.3782,0.3142,unemployment,bayesian_fd,
5,0.3371,0.3771,0.2949,unemployment,bayesian_fd,
6,0.3169,0.3665,0.2674,unemployment,bayesian_fd,
7,0.2902,0.3476,0.2339,unemployment,bayesian_fd,
8,0.2587,0.3204,0.1977,unemployment,bayesian_fd,
9,0.2249,0.2895,0.1619,unemployment,bayesian_fd,
10,0.1898,0.2546,0.1257,unemployment,bayesian_fd,
11,0.1549,0.2225,0.0884,unemployment,bayesian_fd,
12,0.1212,0.1901,0.0568,unemployment,bayesian_fd,
13,0.089,0.1577,0.0249,unemployment,bayesian_fd,
14,0.0611,0.1297,-0.0043,unemployment,bayesian_fd,
15,0.0343,0.1019,-0.0289,unemployment,bayesian_fd,
16,0.0111,0.0776,-0.0537,unemployment,bayesian_fd,
17,-0.0087,0.0565,-0.072,unemployment,bayesian_fd,
18,-0.0244,0.0401,-0.0863,unemployment,bayesian_fd,
19,-0.0362,0.0251,-0.0963,unemployment,bayesian_fd,
20,-0.0459,0.0125,-0.1078,unemployment,bayesian_fd,
21,-0.0529,0.001,-0.1135,unemployment,bayesian_fd,
22,-0.0589,-0.0066,-0.1175,unemployment,bayesian_fd,
23,-0.0626,-0.0116,-0.1165,unemployment,bayesian_fd,
24,-0.0631,-0.0149,-0.1169,unemployment,bayesian_fd,
25,-0.062,-0.0148,-0.1149,unemployment,bayesian_fd,
26,-0.0597,-0.0139,-0.1126,unemployment,bayesian_fd,
27,-0.0566,-0.0129,-0.1081,unemployment,bayesian_fd,
28,-0.0531,-0.0115,-0.1033,unemployment,bayesian_fd,
29,-0.0485,-0.0094,-0.0978,unemployment,bayesian_fd,
30,-0.0435,-0.0056,-0.0931,unemployment,bayesian_fd,
31,-0.039,-0.0023,-0.0874,unemployment,bayesian_fd,
32,-0.035,0.0012,-0.0802,unemployment,bayesian_fd,
33,-0.0304,0.005,-0.0742,unemployment,bayesian_fd,
34,-0.0269,0.0068,-0.0689,unemployment,bayesian_fd,
35,-0.0231,0.0088,-0.064,unemployment,bayesian_fd,
36,-0.02,0.0112,-0.0599,unemployment,bayesian_fd,
37,-0.0164,0.0126,-0.0556,unemployment,bayesian_fd,
38,-0.014,0.0132,-0.0529,unemployment,bayesian_fd,
39,-0.0125,0.0151,-0.0495,unemployment,bayesian_fd,
40,-0.0105,0.0168,-0.0462,unemployment,bayesian_fd,
1,0.37,0.457,0.2779,labor_share,bayesian_fd,
2,0.2168,0.2885,0.1372,labor_share,bayesian_fd,
3,0.1183,0.182,0.047,labor_share,bayesian_fd,
4,0.0286,0.0888,-0.0339,labor_share,bayesian_fd,
5,-0.0405,0.0149,-0.1007,labor_share,bayesian_fd,
6,-0.0966,-0.0426,-0.1529,labor_share,bayesian_fd,
7,-0.1382,-0.0827,-0.1921,labor_share,bayesian_fd,
8,-0.1676,-0.1123,-0.2217,labor_share,bayesian_fd,
9,-0.1848,-0.1277,-0.2416,labor_share,bayesian_fd,
10,-0.1919,-0.1336,-0.252,labor_share,bayesian_fd,
11,-0.193,-0.1318,-0.2558,labor_share,bayesian_fd,
12,-0.1872,-0.1249,-0.2539,labor_share,bayesian_fd,
13,-0.1756,-0.1137,-0.2475,labor_share,bayesian_fd,
14,-0.1617,-0.0986,-0.2389,labor_share,bayesian_fd,
15,-0.1449,-0.0822,-0.224,labor_share,bayesian_fd,
16,-0.128,-0.0622,-0.2038,labor_share,bayesian_fd,
17,-0.1107,-0.0437,-0.185,labor_share,bayesian_fd,
18,-0.0925,-0.0251,-0.1661,labor_share,bayesian_fd,
19,-0.0746,-0.0088,-0.1476,labor_share,bayesian_fd,
20,-0.0586,0.0085,-0.1314,labor_share,bayesian_fd,
21,-0.0424,0.0232,-0.1136,labor_share,bayesian_fd,
22,-0.0281,0.0363,-0.0992,labor_share,bayesian_fd,
23,-0.0178,0.0481,-0.0882,labor_share,bayesian_fd,
24,-0.0078,0.0566,-0.0759,labor_share,bayesian_fd,
25,-2e-04,0.0645,-0.0658,labor_share,bayesian_fd,
26,0.0074,0.0686,-0.0583,labor_share,bayesian_fd,
27,0.0124,0.0728,-0.0523,labor_share,bayesian_fd,
28,0.0165,0.0757,-0.047,labor_share,bayesian_fd,
29,0.0172,0.0775,-0.0445,labor_share,bayesian_fd,
30,0.0179,0.0774,-0.0434,labor_share,bayesian_fd,
31,0.0181,0.0762,-0.0428,labor_share,bayesian_fd,
32,0.0168,0.0728,-0.0417,labor_share,bayesian_fd,
33,0.0146,0.0697,-0.042,labor_share,bayesian_fd,
34,0.0124,0.0658,-0.0431,labor_share,bayesian_fd,
35,0.009,0.0604,-0.0455,labor_share,bayesian_fd,
36,0.0072,0.0558,-0.0475,labor_share,bayesian_fd,
37,0.0038,0.0519,-0.0488,labor_share,bayesian_fd,
38,-5e-04,0.0485,-0.0509,labor_share,bayesian_fd,
39,-0.0041,0.0457,-0.0536,labor_share,bayesian_fd,
40,-0.0078,0.0407,-0.0551,labor_share,bayesian_fd,
1,-0.0629,-0.038,-0.0856,interest,bayesian_fd,
2,-0.0839,-0.0597,-0.1074,interest,bayesian_fd,
3,-0.0947,-0.0717,-0.1166,interest,bayesian_fd,
4,-0.1,-0.077,-0.1241,interest,bayesian_fd,
5,-0.1027,-0.0788,-0.1291,interest,bayesian_fd,
6,-0.1016,-0.0783,-0.1295,interest,bayesian_fd,
7,-0.0989,-0.0742,-0.127,interest,bayesian_fd,
8,-0.0939,-0.0686,-0.1233,interest,bayesian_fd,
9,-0.087,-0.062,-0.1174,interest,bayesian_fd,
10,-0.0797,-0.0535,-0.111,interest,bayesian_fd,
11,-0.0715,-0.0452,-0.1043,interest,bayesian_fd,
12,-0.063,-0.0373,-0.0962,interest,bayesian_fd,
13,-0.0545,-0.0291,-0.0889,interest,bayesian_fd,
14,-0.0464,-0.0206,-0.0815,interest,bayesian_fd,
15,-0.0387,-0.0128,-0.0722,interest,bayesian_fd,
16,-0.0323,-0.0054,-0.0646,interest,bayesian_fd,
17,-0.0256,3e-04,-0.057,interest,bayesian_fd,
18,-0.0201,0.0059,-0.0502,interest,bayesian_fd,
19,-0.0159,0.0098,-0.0447,interest,bayesian_fd,
20,-0.0125,0.014,-0.04,interest,bayesian_fd,
21,-0.0091,0.0165,-0.0358,interest,bayesian_fd,
22,-0.0059,0.0186,-0.0329,interest,bayesian_fd,
23,-0.004,0.0199,-0.0307,interest,bayesian_fd,
24,-0.0025,0.0204,-0.029,interest,bayesian_fd,
25,-0.0014,0.0207,-0.0279,interest,bayesian_fd,
26,-0.0013,0.0201,-0.0275,interest,bayesian_fd,
27,-0.0012,0.0204,-0.0265,interest,bayesian_fd,
28,-0.0016,0.0191,-0.0258,interest,bayesian_fd,
29,-0.0026,0.0179,-0.0259,interest,bayesian_fd,
30,-0.0035,0.0167,-0.0256,interest,bayesian_fd,
31,-0.0046,0.0151,-0.0258,interest,bayesian_fd,
32,-0.0057,0.0137,-0.0266,interest,bayesian_fd,
33,-0.0066,0.0122,-0.0278,interest,bayesian_fd,
34,-0.0079,0.0109,-0.0282,interest,bayesian_fd,
35,-0.0086,0.0093,-0.0292,interest,bayesian_fd,
36,-0.0095,0.0078,-0.0296,interest,bayesian_fd,
37,-0.0106,0.0066,-0.03,interest,bayesian_fd,
38,-0.0115,0.0056,-0.0307,interest,bayesian_fd,
39,-0.0118,0.0048,-0.0314,interest,bayesian_fd,
40,-0.0123,0.0039,-0.0319,interest,bayesian_fd,
1,0.0149,0.0417,-0.0142,inflation,bayesian_fd,
2,-0.0042,0.0149,-0.0243,inflation,bayesian_fd,
3,-0.0202,-0.0027,-0.0379,inflation,bayesian_fd,
4,-0.0292,-0.011,-0.0454,inflation,bayesian_fd,
5,-0.0347,-0.017,-0.0508,inflation,bayesian_fd,
6,-0.037,-0.0203,-0.0538,inflation,bayesian_fd,
7,-0.0374,-0.0213,-0.0553,inflation,bayesian_fd,
8,-0.0364,-0.0203,-0.0554,inflation,bayesian_fd,
9,-0.0345,-0.0183,-0.0544,inflation,bayesian_fd,
10,-0.0324,-0.0156,-0.0524,inflation,bayesian_fd,
11,-0.0296,-0.0126,-0.0497,inflation,bayesian_fd,
12,-0.0269,-0.0093,-0.0463,inflation,bayesian_fd,
13,-0.0241,-0.0068,-0.0425,inflation,bayesian_fd,
14,-0.021,-0.0044,-0.0394,inflation,bayesian_fd,
15,-0.0182,-0.0016,-0.0363,inflation,bayesian_fd,
16,-0.0153,0.001,-0.0338,inflation,bayesian_fd,
17,-0.0128,0.0033,-0.0307,inflation,bayesian_fd,
18,-0.0106,0.0049,-0.0284,inflation,bayesian_fd,
19,-0.0087,0.0067,-0.026,inflation,bayesian_fd,
20,-0.0073,0.0077,-0.0243,inflation,bayesian_fd,
21,-0.0059,0.0092,-0.0227,inflation,bayesian_fd,
22,-0.005,0.0098,-0.0218,inflation,bayesian_fd,
23,-0.0043,0.0099,-0.0205,inflation,bayesian_fd,
24,-0.0036,0.0099,-0.0198,inflation,bayesian_fd,
25,-0.0032,0.01,-0.0193,inflation,bayesian_fd,
26,-0.0031,0.0099,-0.0183,inflation,bayesian_fd,
27,-0.0029,0.0099,-0.0172,inflation,bayesian_fd,
28,-0.003,0.0095,-0.017,inflation,bayesian_fd,
29,-0.0034,0.009,-0.0173,inflation,bayesian_fd,
30,-0.0035,0.0084,-0.0174,inflation,bayesian_fd,
31,-0.0037,0.0079,-0.0172,inflation,bayesian_fd,
32,-0.0039,0.0073,-0.017,inflation,bayesian_fd,
33,-0.0045,0.0069,-0.0166,inflation,bayesian_fd,
34,-0.0049,0.006,-0.0162,inflation,bayesian_fd,
35,-0.0049,0.0057,-0.0162,inflation,bayesian_fd,
36,-0.0052,0.0052,-0.0161,inflation,bayesian_fd,
37,-0.0055,0.0049,-0.016,inflation,bayesian_fd,
38,-0.0054,0.0044,-0.0158,inflation,bayesian_fd,
39,-0.0055,0.0041,-0.0159,inflation,bayesian_fd,
40,-0.0056,0.0037,-0.0159,inflation,bayesian_fd,
1,-0.378,-0.3103,-0.4383,productivity,bayesian_fd,
2,-0.2366,-0.1617,-0.3027,productivity,bayesian_fd,
3,-0.1344,-0.0571,-0.2063,productivity,bayesian_fd,
4,-0.0566,0.025,-0.1297,productivity,bayesian_fd,
5,0.0065,0.0915,-0.0732,productivity,bayesian_fd,
6,0.0545,0.1455,-0.0275,productivity,bayesian_fd,
7,0.0891,0.189,0.0029,productivity,bayesian_fd,
8,0.1107,0.2122,0.0184,productivity,bayesian_fd,
9,0.1246,0.2288,0.0249,productivity,bayesian_fd,
10,0.1255,0.2344,0.0283,productivity,bayesian_fd,
11,0.1223,0.2372,0.0208,productivity,bayesian_fd,
12,0.1143,0.2352,0.0066,productivity,bayesian_fd,
13,0.0986,0.227,-0.0132,productivity,bayesian_fd,
14,0.0848,0.2145,-0.0339,productivity,bayesian_fd,
15,0.0662,0.1972,-0.0534,productivity,bayesian_fd,
16,0.0492,0.1801,-0.0745,productivity,bayesian_fd,
17,0.0288,0.1606,-0.0981,productivity,bayesian_fd,
18,0.0111,0.1416,-0.1215,productivity,bayesian_fd,
19,-0.0092,0.1262,-0.143,productivity,bayesian_fd,
20,-0.0265,0.1131,-0.1632,productivity,bayesian_fd,
21,-0.0409,0.0982,-0.1787,productivity,bayesian_fd,
22,-0.0521,0.0852,-0.1942,productivity,bayesian_fd,
23,-0.0636,0.0718,-0.2068,productivity,bayesian_fd,
24,-0.0722,0.0636,-0.2163,productivity,bayesian_fd,
25,-0.0796,0.0559,-0.2255,productivity,bayesian_fd,
26,-0.0857,0.0505,-0.2325,productivity,bayesian_fd,
27,-0.0896,0.0492,-0.2378,productivity,bayesian_fd,
28,-0.0925,0.0492,-0.2391,productivity,bayesian_fd,
29,-0.0915,0.0469,-0.2413,productivity,bayesian_fd,
30,-0.0916,0.0429,-0.2394,productivity,bayesian_fd,
31,-0.0909,0.045,-0.2396,productivity,bayesian_fd,
32,-0.0874,0.0488,-0.2408,productivity,bayesian_fd,
33,-0.0826,0.0541,-0.2377,productivity,bayesian_fd,
34,-0.0779,0.0582,-0.2319,productivity,bayesian_fd,
35,-0.0745,0.0616,-0.2301,productivity,bayesian_fd,
36,-0.0707,0.0645,-0.2267,productivity,bayesian_fd,
37,-0.0671,0.0716,-0.2253,productivity,bayesian_fd,
38,-0.0637,0.0764,-0.2218,productivity,bayesian_fd,
39,-0.0616,0.0805,-0.2178,productivity,bayesian_fd,
40,-0.0575,0.0843,-0.2132,productivity,bayesian_fd,
1,0.0664,0.1409,-0.006,TFP,bayesian_fd,
2,0.0807,0.1484,0.0121,TFP,bayesian_fd,
3,0.0591,0.1309,-0.0103,TFP,bayesian_fd,
4,0.0394,0.1149,-0.0362,TFP,bayesian_fd,
5,0.0141,0.0973,-0.0645,TFP,bayesian_fd,
6,-0.0103,0.0806,-0.0911,TFP,bayesian_fd,
7,-0.0322,0.0635,-0.1206,TFP,bayesian_fd,
8,-0.0513,0.0461,-0.1429,TFP,bayesian_fd,
9,-0.0678,0.0331,-0.1651,TFP,bayesian_fd,
10,-0.0806,0.0211,-0.1822,TFP,bayesian_fd,
11,-0.0934,0.0145,-0.1983,TFP,bayesian_fd,
12,-0.1015,0.0091,-0.2101,TFP,bayesian_fd,
13,-0.1083,0.0045,-0.2188,TFP,bayesian_fd,
14,-0.1147,3e-04,-0.2245,TFP,bayesian_fd,
15,-0.1155,-0.0021,-0.2299,TFP,bayesian_fd,
16,-0.1181,-0.001,-0.2344,TFP,bayesian_fd,
17,-0.118,0.0025,-0.2381,TFP,bayesian_fd,
18,-0.1173,0.005,-0.2408,TFP,bayesian_fd,
19,-0.1149,0.0066,-0.2392,TFP,bayesian_fd,
20,-0.113,0.0086,-0.2404,TFP,bayesian_fd,
21,-0.1091,0.0109,-0.2358,TFP,bayesian_fd,
22,-0.1057,0.0139,-0.2339,TFP,bayesian_fd,
23,-0.1025,0.0153,-0.2269,TFP,bayesian_fd,
24,-0.0978,0.0172,-0.2245,TFP,bayesian_fd,
25,-0.092,0.0201,-0.2217,TFP,bayesian_fd,
26,-0.0861,0.0212,-0.2182,TFP,bayesian_fd,
27,-0.0819,0.0213,-0.213,TFP,bayesian_fd,
28,-0.0801,0.0204,-0.2095,TFP,bayesian_fd,
29,-0.0776,0.0222,-0.2045,TFP,bayesian_fd,
30,-0.0755,0.0243,-0.1986,TFP,bayesian_fd,
31,-0.0704,0.0267,-0.1955,TFP,bayesian_fd,
32,-0.0673,0.0297,-0.1908,TFP,bayesian_fd,
33,-0.0627,0.0294,-0.1886,TFP,bayesian_fd,
34,-0.0601,0.0306,-0.1841,TFP,bayesian_fd,
35,-0.0579,0.0326,-0.1804,TFP,bayesian_fd,
36,-0.0557,0.0343,-0.1759,TFP,bayesian_fd,
37,-0.0556,0.0339,-0.1726,TFP,bayesian_fd,
38,-0.0549,0.035,-0.1693,TFP,bayesian_fd,
39,-0.0531,0.0361,-0.167,TFP,bayesian_fd,
40,-0.0521,0.0367,-0.166,TFP,bayesian_fd,
1,-0.6283,-0.5848,-0.676,output,bayesian_td4,
2,-0.6492,-0.5995,-0.7074,output,bayesian_td4,
3,-0.6404,-0.5813,-0.7116,output,bayesian_td4,
4,-0.612,-0.5456,-0.6991,output,bayesian_td4,
5,-0.5755,-0.4973,-0.6761,output,bayesian_td4,
6,-0.5328,-0.4453,-0.6445,output,bayesian_td4,
7,-0.486,-0.3902,-0.609,output,bayesian_td4,
8,-0.4398,-0.3345,-0.5707,output,bayesian_td4,
9,-0.3912,-0.2781,-0.5303,output,bayesian_td4,
10,-0.3432,-0.2255,-0.4925,output,bayesian_td4,
11,-0.3031,-0.174,-0.4553,output,bayesian_td4,
12,-0.2634,-0.1298,-0.4206,output,bayesian_td4,
13,-0.2275,-0.0863,-0.3882,output,bayesian_td4,
14,-0.1944,-0.0494,-0.3599,output,bayesian_td4,
15,-0.1686,-0.0192,-0.3372,output,bayesian_td4,
16,-0.1481,0.0061,-0.3204,output,bayesian_td4,
17,-0.13,0.028,-0.3093,output,bayesian_td4,
18,-0.1179,0.0464,-0.293,output,bayesian_td4,
19,-0.1051,0.0545,-0.2815,output,bayesian_td4,
20,-0.0968,0.062,-0.275,output,bayesian_td4,
21,-0.0925,0.0653,-0.2724,output,bayesian_td4,
22,-0.0913,0.0672,-0.2725,output,bayesian_td4,
23,-0.0957,0.0675,-0.2704,output,bayesian_td4,
24,-0.0978,0.0625,-0.2691,output,bayesian_td4,
25,-0.103,0.0566,-0.2707,output,bayesian_td4,
26,-0.1084,0.0517,-0.2757,output,bayesian_td4,
27,-0.1123,0.0448,-0.2796,output,bayesian_td4,
28,-0.1195,0.0383,-0.2861,output,bayesian_td4,
29,-0.1268,0.0313,-0.2923,output,bayesian_td4,
30,-0.1326,0.0259,-0.298,output,bayesian_td4,
31,-0.1417,0.0196,-0.3026,output,bayesian_td4,
32,-0.146,0.0114,-0.3102,output,bayesian_td4,
33,-0.1502,0.0058,-0.316,output,bayesian_td4,
34,-0.1535,0.0021,-0.3207,output,bayesian_td4,
35,-0.1573,-0.004,-0.3221,output,bayesian_td4,
36,-0.1597,-0.009,-0.324,output,bayesian_td4,
37,-0.1604,-0.0124,-0.3267,output,bayesian_td4,
38,-0.1632,-0.0143,-0.3292,output,bayesian_td4,
39,-0.1659,-0.0164,-0.3326,output,bayesian_td4,
40,-0.1691,-0.0199,-0.3341,output,bayesian_td4,
1,-2.3142,-2.1529,-2.4674,investment,bayesian_td4,
2,-2.3745,-2.1942,-2.5649,investment,bayesian_td4,
3,-2.2172,-2.0049,-2.4454,investment,bayesian_td4,
4,-2.0059,-1.7602,-2.2752,investment,bayesian_td4,
5,-1.7796,-1.4952,-2.0898,investment,bayesian_td4,
6,-1.5438,-1.226,-1.8756,investment,bayesian_td4,
7,-1.3049,-0.9636,-1.6493,investment,bayesian_td4,
8,-1.0683,-0.7104,-1.4357,investment,bayesian_td4,
9,-0.8538,-0.4879,-1.2335,investment,bayesian_td4,
10,-0.6455,-0.2801,-1.0391,investment,bayesian_td4,
11,-0.4659,-0.0838,-0.8687,investment,bayesian_td4,
12,-0.3109,0.104,-0.7177,investment,bayesian_td4,
13,-0.1734,0.2367,-0.5878,investment,bayesian_td4,
14,-0.0591,0.3605,-0.502,investment,bayesian_td4,
15,0.035,0.4511,-0.3966,investment,bayesian_td4,
16,0.0997,0.5109,-0.3292,investment,bayesian_td4,
17,0.1499,0.561,-0.2758,investment,bayesian_td4,
18,0.1715,0.5997,-0.2407,investment,bayesian_td4,
19,0.1784,0.6081,-0.2195,investment,bayesian_td4,
20,0.1817,0.6054,-0.2034,investment,bayesian_td4,
21,0.1733,0.5952,-0.2042,investment,bayesian_td4,
22,0.167,0.5683,-0.2178,investment,bayesian_td4,
23,0.1443,0.5223,-0.232,investment,bayesian_td4,
24,0.1084,0.474,-0.2557,investment,bayesian_td4,
25,0.0702,0.4359,-0.276,investment,bayesian_td4,
26,0.0298,0.4007,-0.2883,investment,bayesian_td4,
27,-0.0019,0.3626,-0.3072,investment,bayesian_td4,
28,-0.0318,0.3152,-0.3242,investment,bayesian_td4,
29,-0.0658,0.2693,-0.3549,investment,bayesian_td4,
30,-0.0911,0.225,-0.3798,investment,bayesian_td4,
31,-0.1163,0.1972,-0.4088,investment,bayesian_td4,
32,-0.1342,0.1633,-0.4248,investment,bayesian_td4,
33,-0.1608,0.1324,-0.4483,investment,bayesian_td4,
34,-0.1808,0.1021,-0.4663,investment,bayesian_td4,
35,-0.1972,0.0796,-0.4843,investment,bayesian_td4,
36,-0.2103,0.0603,-0.4893,investment,bayesian_td4,
37,-0.2198,0.0479,-0.4964,investment,bayesian_td4,
38,-0.2264,0.0333,-0.5078,investment,bayesian_td4,
39,-0.2323,0.0243,-0.5087,investment,bayesian_td4,
40,-0.2365,0.0208,-0.5075,investment,bayesian_td4,
1,-0.1234,-0.0903,-0.1593,consumption,bayesian_td4,
2,-0.1811,-0.1439,-0.218,consumption,bayesian_td4,
3,-0.2112,-0.1677,-0.2511,consumption,bayesian_td4,
4,-0.2264,-0.1783,-0.275,consumption,bayesian_td4,
5,-0.2305,-0.1766,-0.2895,consumption,bayesian_td4,
6,-0.2291,-0.1678,-0.2949,consumption,bayesian_td4,
7,-0.2214,-0.1552,-0.2944,consumption,bayesian_td4,
8,-0.2085,-0.1352,-0.2885,consumption,bayesian_td4,
9,-0.1944,-0.1137,-0.2834,consumption,bayesian_td4,
10,-0.1798,-0.0938,-0.2775,consumption,bayesian_td4,
11,-0.1625,-0.0685,-0.2682,consumption,bayesian_td4,
12,-0.1467,-0.0435,-0.2579,consumption,bayesian_td4,
13,-0.1298,-0.0212,-0.2481,consumption,bayesian_td4,
14,-0.1145,-0.0016,-0.2382,consumption,bayesian_td4,
15,-0.1011,0.0162,-0.2318,consumption,bayesian_td4,
16,-0.0886,0.0307,-0.2259,consumption,bayesian_td4,
17,-0.0812,0.0451,-0.2234,consumption,bayesian_td4,
18,-0.075,0.0541,-0.2173,consumption,bayesian_td4,
19,-0.0702,0.0635,-0.2148,consumption,bayesian_td4,
20,-0.0663,0.069,-0.2147,consumption,bayesian_td4,
21,-0.0641,0.0742,-0.2148,consumption,bayesian_td4,
22,-0.0637,0.0783,-0.2147,consumption,bayesian_td4,
23,-0.0665,0.0792,-0.217,consumption,bayesian_td4,
24,-0.07,0.0802,-0.2163,consumption,bayesian_td4,
25,-0.073,0.0772,-0.2216,consumption,bayesian_td4,
26,-0.0753,0.0751,-0.2294,consumption,bayesian_td4,
27,-0.0801,0.0728,-0.2341,consumption,bayesian_td4,
28,-0.085,0.068,-0.2404,consumption,bayesian_td4,
29,-0.0905,0.0621,-0.2454,consumption,bayesian_td4,
30,-0.0941,0.0578,-0.2525,consumption,bayesian_td4,
31,-0.0992,0.0542,-0.2611,consumption,bayesian_td4,
32,-0.1037,0.0483,-0.2664,consumption,bayesian_td4,
33,-0.1093,0.0404,-0.2711,consumption,bayesian_td4,
34,-0.1142,0.0379,-0.2754,consumption,bayesian_td4,
35,-0.1169,0.0335,-0.2801,consumption,bayesian_td4,
36,-0.123,0.0277,-0.2873,consumption,bayesian_td4,
37,-0.127,0.0232,-0.2949,consumption,bayesian_td4,
38,-0.1294,0.0198,-0.2984,consumption,bayesian_td4,
39,-0.1334,0.0186,-0.3017,consumption,bayesian_td4,
40,-0.1374,0.0153,-0.3055,consumption,bayesian_td4,
1,-0.4035,-0.3573,-0.4481,hours_worked,bayesian_td4,
2,-0.4438,-0.3983,-0.4882,hours_worked,bayesian_td4,
3,-0.456,-0.4034,-0.5066,hours_worked,bayesian_td4,
4,-0.4486,-0.3882,-0.5075,hours_worked,bayesian_td4,
5,-0.4309,-0.3593,-0.4966,hours_worked,bayesian_td4,
6,-0.3978,-0.3235,-0.4755,hours_worked,bayesian_td4,
7,-0.358,-0.2795,-0.4454,hours_worked,bayesian_td4,
8,-0.3166,-0.2297,-0.4115,hours_worked,bayesian_td4,
9,-0.2723,-0.1829,-0.3746,hours_worked,bayesian_td4,
10,-0.2287,-0.1308,-0.3336,hours_worked,bayesian_td4,
11,-0.1854,-0.0845,-0.2946,hours_worked,bayesian_td4,
12,-0.1428,-0.0414,-0.2586,hours_worked,bayesian_td4,
13,-0.1042,-3e-04,-0.2205,hours_worked,bayesian_td4,
14,-0.0686,0.0366,-0.1877,hours_worked,bayesian_td4,
15,-0.037,0.0669,-0.1601,hours_worked,bayesian_td4,
16,-0.0092,0.0958,-0.1337,hours_worked,bayesian_td4,
17,0.014,0.1189,-0.111,hours_worked,bayesian_td4,
18,0.0316,0.1373,-0.0956,hours_worked,bayesian_td4,
19,0.0436,0.1519,-0.0817,hours_worked,bayesian_td4,
20,0.054,0.1665,-0.0703,hours_worked,bayesian_td4,
21,0.0593,0.1722,-0.0631,hours_worked,bayesian_td4,
22,0.0629,0.1793,-0.058,hours_worked,bayesian_td4,
23,0.0657,0.1783,-0.058,hours_worked,bayesian_td4,
24,0.0629,0.174,-0.0559,hours_worked,bayesian_td4,
25,0.0615,0.1707,-0.0561,hours_worked,bayesian_td4,
26,0.0555,0.1622,-0.061,hours_worked,bayesian_td4,
27,0.048,0.1555,-0.0661,hours_worked,bayesian_td4,
28,0.0389,0.1478,-0.071,hours_worked,bayesian_td4,
29,0.0318,0.1391,-0.0794,hours_worked,bayesian_td4,
30,0.0227,0.1276,-0.0842,hours_worked,bayesian_td4,
31,0.0159,0.1184,-0.0891,hours_worked,bayesian_td4,
32,0.0078,0.1107,-0.0964,hours_worked,bayesian_td4,
33,-3e-04,0.1023,-0.1023,hours_worked,bayesian_td4,
34,-0.0062,0.095,-0.1067,hours_worked,bayesian_td4,
35,-0.0138,0.0879,-0.1099,hours_worked,bayesian_td4,
36,-0.0193,0.0805,-0.1173,hours_worked,bayesian_td4,
37,-0.0244,0.0747,-0.1241,hours_worked,bayesian_td4,
38,-0.0291,0.0696,-0.1314,hours_worked,bayesian_td4,
39,-0.0333,0.0646,-0.1358,hours_worked,bayesian_td4,
40,-0.0382,0.0597,-0.1395,hours_worked,bayesian_td4,
1,0.2512,0.2669,0.2352,unemployment,bayesian_td4,
2,0.3274,0.3457,0.3097,unemployment,bayesian_td4,
3,0.3513,0.3733,0.3295,unemployment,bayesian_td4,
4,0.3559,0.3833,0.3297,unemployment,bayesian_td4,
5,0.3485,0.382,0.3187,unemployment,bayesian_td4,
6,0.3322,0.3726,0.298,unemployment,bayesian_td4,
7,0.3096,0.3549,0.2724,unemployment,bayesian_td4,
8,0.2822,0.3305,0.2424,unemployment,bayesian_td4,
9,0.2527,0.3041,0.2102,unemployment,bayesian_td4,
10,0.2221,0.2757,0.1761,unemployment,bayesian_td4,
11,0.1901,0.2438,0.1417,unemployment,bayesian_td4,
12,0.1573,0.2138,0.109,unemployment,bayesian_td4,
13,0.1266,0.1855,0.0775,unemployment,bayesian_td4,
14,0.0982,0.1596,0.0492,unemployment,bayesian_td4,
15,0.0718,0.1348,0.0235,unemployment,bayesian_td4,
16,0.0502,0.1108,-0.0019,unemployment,bayesian_td4,
17,0.0306,0.0911,-0.0218,unemployment,bayesian_td4,
18,0.0138,0.0739,-0.0397,unemployment,bayesian_td4,
19,-5e-04,0.0592,-0.0551,unemployment,bayesian_td4,
20,-0.0113,0.046,-0.0657,unemployment,bayesian_td4,
21,-0.0212,0.0345,-0.0758,unemployment,bayesian_td4,
22,-0.0282,0.0264,-0.0806,unemployment,bayesian_td4,
23,-0.0331,0.0189,-0.0863,unemployment,bayesian_td4,
24,-0.0365,0.0133,-0.0858,unemployment,bayesian_td4,
25,-0.039,0.0099,-0.0862,unemployment,bayesian_td4,
26,-0.0389,0.0075,-0.0866,unemployment,bayesian_td4,
27,-0.0385,0.0055,-0.0837,unemployment,bayesian_td4,
28,-0.0362,0.0045,-0.0816,unemployment,bayesian_td4,
29,-0.0337,0.0053,-0.0787,unemployment,bayesian_td4,
30,-0.0312,0.0049,-0.0756,unemployment,bayesian_td4,
31,-0.0278,0.0071,-0.0712,unemployment,bayesian_td4,
32,-0.0247,0.0088,-0.0668,unemployment,bayesian_td4,
33,-0.0232,0.0107,-0.0627,unemployment,bayesian_td4,
34,-0.0193,0.0125,-0.0584,unemployment,bayesian_td4,
35,-0.0169,0.0149,-0.0543,unemployment,bayesian_td4,
36,-0.0144,0.017,-0.0517,unemployment,bayesian_td4,
37,-0.013,0.0188,-0.0479,unemployment,bayesian_td4,
38,-0.011,0.0209,-0.0447,unemployment,bayesian_td4,
39,-0.0097,0.0214,-0.0429,unemployment,bayesian_td4,
40,-0.0089,0.0217,-0.0416,unemployment,bayesian_td4,
1,0.3473,0.4184,0.2803,labor_share,bayesian_td4,
2,0.198,0.2553,0.1432,labor_share,bayesian_td4,
3,0.1042,0.1566,0.0518,labor_share,bayesian_td4,
4,0.0202,0.0722,-0.0335,labor_share,bayesian_td4,
5,-0.047,0.0026,-0.1012,labor_share,bayesian_td4,
6,-0.1007,-0.0514,-0.1535,labor_share,bayesian_td4,
7,-0.1416,-0.0926,-0.1949,labor_share,bayesian_td4,
8,-0.1704,-0.1191,-0.2235,labor_share,bayesian_td4,
9,-0.19,-0.1362,-0.2437,labor_share,bayesian_td4,
10,-0.1994,-0.1463,-0.2539,labor_share,bayesian_td4,
11,-0.2022,-0.1453,-0.2569,labor_share,bayesian_td4,
12,-0.1991,-0.1411,-0.2603,labor_share,bayesian_td4,
13,-0.1909,-0.1319,-0.2519,labor_share,bayesian_td4,
14,-0.1782,-0.1195,-0.2402,labor_share,bayesian_td4,
15,-0.1634,-0.1049,-0.2255,labor_share,bayesian_td4,
16,-0.1481,-0.0862,-0.2112,labor_share,bayesian_td4,
17,-0.1297,-0.068,-0.1945,labor_share,bayesian_td4,
18,-0.1116,-0.0496,-0.1757,labor_share,bayesian_td4,
19,-0.0933,-0.0327,-0.1585,labor_share,bayesian_td4,
20,-0.0749,-0.0151,-0.1419,labor_share,bayesian_td4,
21,-0.0593,4e-04,-0.1247,labor_share,bayesian_td4,
22,-0.0442,0.0155,-0.1101,labor_share,bayesian_td4,
23,-0.03,0.0284,-0.0968,labor_share,bayesian_td4,
24,-0.019,0.0378,-0.0851,labor_share,bayesian_td4,
25,-0.0102,0.0467,-0.0748,labor_share,bayesian_td4,
26,-0.003,0.0558,-0.0652,labor_share,bayesian_td4,
27,0.004,0.0619,-0.0579,labor_share,bayesian_td4,
28,0.0085,0.0668,-0.0507,labor_share,bayesian_td4,
29,0.0136,0.0693,-0.0447,labor_share,bayesian_td4,
30,0.0157,0.0708,-0.0396,labor_share,bayesian_td4,
31,0.0185,0.0711,-0.0371,labor_share,bayesian_td4,
32,0.0194,0.072,-0.0357,labor_share,bayesian_td4,
33,0.0175,0.0691,-0.0346,labor_share,bayesian_td4,
34,0.0156,0.0675,-0.0336,labor_share,bayesian_td4,
35,0.0146,0.0665,-0.0339,labor_share,bayesian_td4,
36,0.013,0.0635,-0.0356,labor_share,bayesian_td4,
37,0.0112,0.0612,-0.0365,labor_share,bayesian_td4,
38,0.0092,0.0579,-0.0389,labor_share,bayesian_td4,
39,0.0072,0.0541,-0.0409,labor_share,bayesian_td4,
40,0.0054,0.0515,-0.0419,labor_share,bayesian_td4,
1,-0.0389,-0.0217,-0.0569,interest,bayesian_td4,
2,-0.0576,-0.0391,-0.0756,interest,bayesian_td4,
3,-0.0678,-0.0496,-0.0859,interest,bayesian_td4,
4,-0.0744,-0.0553,-0.0936,interest,bayesian_td4,
5,-0.0776,-0.0573,-0.0994,interest,bayesian_td4,
6,-0.0785,-0.0569,-0.103,interest,bayesian_td4,
7,-0.0772,-0.055,-0.1035,interest,bayesian_td4,
8,-0.0735,-0.0514,-0.1016,interest,bayesian_td4,
9,-0.069,-0.0458,-0.0987,interest,bayesian_td4,
10,-0.0639,-0.0401,-0.0937,interest,bayesian_td4,
11,-0.058,-0.0339,-0.0878,interest,bayesian_td4,
12,-0.0518,-0.0266,-0.0819,interest,bayesian_td4,
13,-0.0454,-0.02,-0.0756,interest,bayesian_td4,
14,-0.0392,-0.0139,-0.0695,interest,bayesian_td4,
15,-0.0327,-0.0076,-0.0636,interest,bayesian_td4,
16,-0.0269,-0.0017,-0.0573,interest,bayesian_td4,
17,-0.0223,0.0035,-0.0517,interest,bayesian_td4,
18,-0.0175,0.0083,-0.0477,interest,bayesian_td4,
19,-0.0132,0.0119,-0.0432,interest,bayesian_td4,
20,-0.0096,0.0156,-0.0382,interest,bayesian_td4,
21,-0.0068,0.0179,-0.035,interest,bayesian_td4,
22,-0.0049,0.0199,-0.0327,interest,bayesian_td4,
23,-0.0031,0.0207,-0.0304,interest,bayesian_td4,
24,-0.0025,0.0212,-0.0286,interest,bayesian_td4,
25,-0.0018,0.0216,-0.027,interest,bayesian_td4,
26,-0.0016,0.0215,-0.0265,interest,bayesian_td4,
27,-0.0012,0.0216,-0.0259,interest,bayesian_td4,
28,-0.0015,0.021,-0.0253,interest,bayesian_td4,
29,-0.0017,0.0203,-0.0254,interest,bayesian_td4,
30,-0.002,0.0189,-0.0259,interest,bayesian_td4,
31,-0.0033,0.0178,-0.0255,interest,bayesian_td4,
32,-0.0042,0.0164,-0.0253,interest,bayesian_td4,
33,-0.0048,0.0149,-0.0257,interest,bayesian_td4,
34,-0.0053,0.0129,-0.026,interest,bayesian_td4,
35,-0.0062,0.0119,-0.0267,interest,bayesian_td4,
36,-0.0069,0.0109,-0.0272,interest,bayesian_td4,
37,-0.0074,0.0098,-0.0275,interest,bayesian_td4,
38,-0.0081,0.0088,-0.0276,interest,bayesian_td4,
39,-0.0087,0.0077,-0.0283,interest,bayesian_td4,
40,-0.0094,0.0072,-0.0284,interest,bayesian_td4,
1,0.028,0.0501,0.0061,inflation,bayesian_td4,
2,0.0069,0.0227,-0.0088,inflation,bayesian_td4,
3,-0.008,0.0068,-0.0231,inflation,bayesian_td4,
4,-0.0178,-0.0038,-0.0332,inflation,bayesian_td4,
5,-0.024,-0.0101,-0.0401,inflation,bayesian_td4,
6,-0.0277,-0.0135,-0.0442,inflation,bayesian_td4,
7,-0.0298,-0.0147,-0.0459,inflation,bayesian_td4,
8,-0.0304,-0.015,-0.0468,inflation,bayesian_td4,
9,-0.0298,-0.0141,-0.0474,inflation,bayesian_td4,
10,-0.0284,-0.0128,-0.0454,inflation,bayesian_td4,
11,-0.0267,-0.0108,-0.044,inflation,bayesian_td4,
12,-0.0247,-0.0083,-0.0422,inflation,bayesian_td4,
13,-0.023,-0.006,-0.0395,inflation,bayesian_td4,
14,-0.0205,-0.004,-0.0376,inflation,bayesian_td4,
15,-0.018,-0.0017,-0.0356,inflation,bayesian_td4,
16,-0.0157,0,-0.0331,inflation,bayesian_td4,
17,-0.0139,0.0019,-0.0312,inflation,bayesian_td4,
18,-0.0122,0.0031,-0.0294,inflation,bayesian_td4,
19,-0.0106,0.0052,-0.0274,inflation,bayesian_td4,
20,-0.0091,0.0061,-0.0257,inflation,bayesian_td4,
21,-0.008,0.0067,-0.024,inflation,bayesian_td4,
22,-0.0071,0.0072,-0.0229,inflation,bayesian_td4,
23,-0.0064,0.008,-0.0217,inflation,bayesian_td4,
24,-0.0058,0.0083,-0.0205,inflation,bayesian_td4,
25,-0.0054,0.0085,-0.0196,inflation,bayesian_td4,
26,-0.0054,0.0082,-0.019,inflation,bayesian_td4,
27,-0.0053,0.0078,-0.0184,inflation,bayesian_td4,
28,-0.0053,0.0075,-0.0181,inflation,bayesian_td4,
29,-0.0052,0.0072,-0.0177,inflation,bayesian_td4,
30,-0.0054,0.0065,-0.0174,inflation,bayesian_td4,
31,-0.0055,0.0058,-0.0176,inflation,bayesian_td4,
32,-0.0057,0.0055,-0.0175,inflation,bayesian_td4,
33,-0.0057,0.0052,-0.017,inflation,bayesian_td4,
34,-0.0059,0.0049,-0.0166,inflation,bayesian_td4,
35,-0.0058,0.0043,-0.0163,inflation,bayesian_td4,
36,-0.0059,0.0037,-0.0162,inflation,bayesian_td4,
37,-0.0061,0.0032,-0.016,inflation,bayesian_td4,
38,-0.006,0.003,-0.0159,inflation,bayesian_td4,
39,-0.0059,0.0025,-0.0156,inflation,bayesian_td4,
40,-0.0061,0.0022,-0.0156,inflation,bayesian_td4,
1,-0.3599,-0.3106,-0.4064,productivity,bayesian_td4,
2,-0.2306,-0.1767,-0.2808,productivity,bayesian_td4,
3,-0.1388,-0.0839,-0.1984,productivity,bayesian_td4,
4,-0.07,-0.0105,-0.135,productivity,bayesian_td4,
5,-0.0153,0.0505,-0.0862,productivity,bayesian_td4,
6,0.0238,0.0978,-0.0536,productivity,bayesian_td4,
7,0.0524,0.1347,-0.0324,productivity,bayesian_td4,
8,0.0725,0.159,-0.0194,productivity,bayesian_td4,
9,0.0812,0.173,-0.0141,productivity,bayesian_td4,
10,0.0819,0.1807,-0.0192,productivity,bayesian_td4,
11,0.0788,0.1803,-0.0282,productivity,bayesian_td4,
12,0.0653,0.18,-0.046,productivity,bayesian_td4,
13,0.0519,0.1688,-0.066,productivity,bayesian_td4,
14,0.0346,0.155,-0.0831,productivity,bayesian_td4,
15,0.0141,0.1417,-0.1041,productivity,bayesian_td4,
16,-0.0075,0.126,-0.1273,productivity,bayesian_td4,
17,-0.0255,0.107,-0.1486,productivity,bayesian_td4,
18,-0.0469,0.0916,-0.1728,productivity,bayesian_td4,
19,-0.066,0.0754,-0.1945,productivity,bayesian_td4,
20,-0.0836,0.0594,-0.2141,productivity,bayesian_td4,
21,-0.0995,0.0452,-0.2311,productivity,bayesian_td4,
22,-0.1134,0.0337,-0.2473,productivity,bayesian_td4,
23,-0.1245,0.0218,-0.2628,productivity,bayesian_td4,
24,-0.135,0.0103,-0.2739,productivity,bayesian_td4,
25,-0.1449,5e-04,-0.2821,productivity,bayesian_td4,
26,-0.1511,-0.0064,-0.2872,productivity,bayesian_td4,
27,-0.1532,-0.0109,-0.2918,productivity,bayesian_td4,
28,-0.1561,-0.0161,-0.2982,productivity,bayesian_td4,
29,-0.1574,-0.0188,-0.3008,productivity,bayesian_td4,
30,-0.1567,-0.0162,-0.3032,productivity,bayesian_td4,
31,-0.1562,-0.0152,-0.3047,productivity,bayesian_td4,
32,-0.1542,-0.016,-0.3001,productivity,bayesian_td4,
33,-0.1529,-0.0175,-0.2979,productivity,bayesian_td4,
34,-0.1519,-0.0155,-0.2973,productivity,bayesian_td4,
35,-0.1497,-0.0145,-0.2958,productivity,bayesian_td4,
36,-0.1477,-0.013,-0.2924,productivity,bayesian_td4,
37,-0.143,-0.0112,-0.2872,productivity,bayesian_td4,
38,-0.1412,-0.0076,-0.2833,productivity,bayesian_td4,
39,-0.1375,-0.0044,-0.2821,productivity,bayesian_td4,
40,-0.1354,5e-04,-0.2767,productivity,bayesian_td4,
1,0.053,0.113,-0.0043,TFP,bayesian_td4,
2,0.0615,0.1156,0.0051,TFP,bayesian_td4,
3,0.0384,0.0961,-0.019,TFP,bayesian_td4,
4,0.0143,0.0763,-0.0488,TFP,bayesian_td4,
5,-0.0112,0.0596,-0.0786,TFP,bayesian_td4,
6,-0.0359,0.0434,-0.1088,TFP,bayesian_td4,
7,-0.0598,0.0295,-0.1342,TFP,bayesian_td4,
8,-0.0795,0.0138,-0.1605,TFP,bayesian_td4,
9,-0.0974,-8e-04,-0.181,TFP,bayesian_td4,
10,-0.1126,-0.0098,-0.2027,TFP,bayesian_td4,
11,-0.1255,-0.0233,-0.222,TFP,bayesian_td4,
12,-0.136,-0.0293,-0.2381,TFP,bayesian_td4,
13,-0.1446,-0.0352,-0.2489,TFP,bayesian_td4,
14,-0.1512,-0.039,-0.2584,TFP,bayesian_td4,
15,-0.156,-0.0432,-0.2659,TFP,bayesian_td4,
16,-0.16,-0.045,-0.2716,TFP,bayesian_td4,
17,-0.1613,-0.0455,-0.2733,TFP,bayesian_td4,
18,-0.1609,-0.0443,-0.2772,TFP,bayesian_td4,
19,-0.1592,-0.0446,-0.2766,TFP,bayesian_td4,
20,-0.1582,-0.0427,-0.2764,TFP,bayesian_td4,
21,-0.1571,-0.0391,-0.2737,TFP,bayesian_td4,
22,-0.1556,-0.0368,-0.2697,TFP,bayesian_td4,
23,-0.151,-0.0364,-0.2664,TFP,bayesian_td4,
24,-0.1472,-0.0354,-0.2626,TFP,bayesian_td4,
25,-0.1424,-0.0339,-0.2582,TFP,bayesian_td4,
26,-0.1371,-0.0307,-0.2539,TFP,bayesian_td4,
27,-0.132,-0.0296,-0.2494,TFP,bayesian_td4,
28,-0.1287,-0.0272,-0.2464,TFP,bayesian_td4,
29,-0.1232,-0.0253,-0.2421,TFP,bayesian_td4,
30,-0.12,-0.0243,-0.2377,TFP,bayesian_td4,
31,-0.1161,-0.0208,-0.2343,TFP,bayesian_td4,
32,-0.1132,-0.0209,-0.2304,TFP,bayesian_td4,
33,-0.1112,-0.0192,-0.2262,TFP,bayesian_td4,
34,-0.1085,-0.0168,-0.2255,TFP,bayesian_td4,
35,-0.1064,-0.0152,-0.2223,TFP,bayesian_td4,
36,-0.1048,-0.0129,-0.2165,TFP,bayesian_td4,
37,-0.1032,-0.0126,-0.2129,TFP,bayesian_td4,
38,-0.1015,-0.0126,-0.2093,TFP,bayesian_td4,
39,-0.0991,-0.0115,-0.2066,TFP,bayesian_td4,
40,-0.0976,-0.0097,-0.2039,TFP,bayesian_td4,
1,-0.559,-0.4251,-0.6449,output,bayesian_td632,
2,-0.6164,-0.4855,-0.6967,output,bayesian_td632,
3,-0.6482,-0.5389,-0.7372,output,bayesian_td632,
4,-0.664,-0.5581,-0.7658,output,bayesian_td632,
5,-0.6708,-0.5617,-0.7799,output,bayesian_td632,
6,-0.6617,-0.5503,-0.7902,output,bayesian_td632,
7,-0.6499,-0.5213,-0.7996,output,bayesian_td632,
8,-0.6354,-0.4889,-0.7949,output,bayesian_td632,
9,-0.6127,-0.4484,-0.7817,output,bayesian_td632,
10,-0.5842,-0.4068,-0.7707,output,bayesian_td632,
11,-0.5548,-0.3655,-0.7498,output,bayesian_td632,
12,-0.5259,-0.3237,-0.7258,output,bayesian_td632,
13,-0.4944,-0.284,-0.7067,output,bayesian_td632,
14,-0.4655,-0.2491,-0.6866,output,bayesian_td632,
15,-0.4346,-0.2137,-0.6617,output,bayesian_td632,
16,-0.41,-0.1816,-0.6464,output,bayesian_td632,
17,-0.3857,-0.1573,-0.6287,output,bayesian_td632,
18,-0.3642,-0.1343,-0.6136,output,bayesian_td632,
19,-0.3467,-0.1172,-0.5965,output,bayesian_td632,
20,-0.3304,-0.0999,-0.5795,output,bayesian_td632,
21,-0.3188,-0.0879,-0.5663,output,bayesian_td632,
22,-0.3078,-0.0832,-0.5559,output,bayesian_td632,
23,-0.2989,-0.0783,-0.5466,output,bayesian_td632,
24,-0.2879,-0.0713,-0.5421,output,bayesian_td632,
25,-0.2854,-0.0727,-0.5335,output,bayesian_td632,
26,-0.2841,-0.0673,-0.5277,output,bayesian_td632,
27,-0.2819,-0.0741,-0.5242,output,bayesian_td632,
28,-0.2788,-0.0754,-0.5253,output,bayesian_td632,
29,-0.2831,-0.0795,-0.5235,output,bayesian_td632,
30,-0.281,-0.0805,-0.5267,output,bayesian_td632,
31,-0.2818,-0.0874,-0.531,output,bayesian_td632,
32,-0.2836,-0.0931,-0.5341,output,bayesian_td632,
33,-0.286,-0.0978,-0.5376,output,bayesian_td632,
34,-0.2891,-0.103,-0.539,output,bayesian_td632,
35,-0.2927,-0.1062,-0.5408,output,bayesian_td632,
36,-0.2975,-0.1086,-0.5442,output,bayesian_td632,
37,-0.3016,-0.1122,-0.5471,output,bayesian_td632,
38,-0.3034,-0.1153,-0.5525,output,bayesian_td632,
39,-0.3066,-0.1181,-0.554,output,bayesian_td632,
40,-0.306,-0.1193,-0.5548,output,bayesian_td632,
1,-2.0536,-1.5258,-2.3576,investment,bayesian_td632,
2,-2.1788,-1.6821,-2.5011,investment,bayesian_td632,
3,-2.1999,-1.7876,-2.5253,investment,bayesian_td632,
4,-2.1532,-1.7691,-2.4993,investment,bayesian_td632,
5,-2.0711,-1.7057,-2.4476,investment,bayesian_td632,
6,-1.9619,-1.5559,-2.3724,investment,bayesian_td632,
7,-1.8271,-1.3804,-2.2911,investment,bayesian_td632,
8,-1.6703,-1.1707,-2.181,investment,bayesian_td632,
9,-1.5132,-0.9787,-2.0624,investment,bayesian_td632,
10,-1.3388,-0.7782,-1.9483,investment,bayesian_td632,
11,-1.1809,-0.6008,-1.8265,investment,bayesian_td632,
12,-1.0267,-0.4302,-1.694,investment,bayesian_td632,
13,-0.8822,-0.2605,-1.5452,investment,bayesian_td632,
14,-0.7368,-0.1248,-1.3951,investment,bayesian_td632,
15,-0.6101,-0.0095,-1.2856,investment,bayesian_td632,
16,-0.4926,0.0965,-1.1844,investment,bayesian_td632,
17,-0.401,0.1648,-1.0838,investment,bayesian_td632,
18,-0.3242,0.2474,-1.0091,investment,bayesian_td632,
19,-0.2583,0.3078,-0.9264,investment,bayesian_td632,
20,-0.2092,0.3448,-0.8486,investment,bayesian_td632,
21,-0.164,0.3605,-0.7892,investment,bayesian_td632,
22,-0.1323,0.3608,-0.7264,investment,bayesian_td632,
23,-0.129,0.3611,-0.7018,investment,bayesian_td632,
24,-0.1243,0.3555,-0.6718,investment,bayesian_td632,
25,-0.1206,0.3464,-0.6426,investment,bayesian_td632,
26,-0.1287,0.329,-0.631,investment,bayesian_td632,
27,-0.1457,0.2851,-0.6073,investment,bayesian_td632,
28,-0.1633,0.2498,-0.613,investment,bayesian_td632,
29,-0.1872,0.2223,-0.6218,investment,bayesian_td632,
30,-0.2068,0.1891,-0.6257,investment,bayesian_td632,
31,-0.2308,0.1712,-0.6343,investment,bayesian_td632,
32,-0.2452,0.1505,-0.6469,investment,bayesian_td632,
33,-0.2655,0.1223,-0.6571,investment,bayesian_td632,
34,-0.2833,0.0884,-0.6681,investment,bayesian_td632,
35,-0.3,0.0661,-0.6877,investment,bayesian_td632,
36,-0.316,0.0493,-0.7028,investment,bayesian_td632,
37,-0.3283,0.0305,-0.7214,investment,bayesian_td632,
38,-0.3373,0.007,-0.7346,investment,bayesian_td632,
39,-0.3491,-0.0102,-0.7366,investment,bayesian_td632,
40,-0.3627,-0.0208,-0.7498,investment,bayesian_td632,
1,-0.0717,-0.0201,-0.1247,consumption,bayesian_td632,
2,-0.1559,-0.0953,-0.2072,consumption,bayesian_td632,
3,-0.2107,-0.1523,-0.2612,consumption,bayesian_td632,
4,-0.2536,-0.1935,-0.3111,consumption,bayesian_td632,
5,-0.2839,-0.2177,-0.3559,consumption,bayesian_td632,
6,-0.307,-0.2369,-0.3902,consumption,bayesian_td632,
7,-0.325,-0.2401,-0.4153,consumption,bayesian_td632,
8,-0.3353,-0.236,-0.4395,consumption,bayesian_td632,
9,-0.3405,-0.2275,-0.4534,consumption,bayesian_td632,
10,-0.3408,-0.2158,-0.4689,consumption,bayesian_td632,
11,-0.3368,-0.1982,-0.4756,consumption,bayesian_td632,
12,-0.3334,-0.1812,-0.4808,consumption,bayesian_td632,
13,-0.3286,-0.1637,-0.4862,consumption,bayesian_td632,
14,-0.3197,-0.149,-0.4856,consumption,bayesian_td632,
15,-0.3121,-0.1342,-0.4886,consumption,bayesian_td632,
16,-0.3053,-0.1188,-0.4843,consumption,bayesian_td632,
17,-0.294,-0.1042,-0.4818,consumption,bayesian_td632,
18,-0.2845,-0.0894,-0.4797,consumption,bayesian_td632,
19,-0.2777,-0.0755,-0.4729,consumption,bayesian_td632,
20,-0.272,-0.0649,-0.4723,consumption,bayesian_td632,
21,-0.2656,-0.0566,-0.4695,consumption,bayesian_td632,
22,-0.2634,-0.0528,-0.4643,consumption,bayesian_td632,
23,-0.2596,-0.0506,-0.4596,consumption,bayesian_td632,
24,-0.2553,-0.0435,-0.4607,consumption,bayesian_td632,
25,-0.2544,-0.0456,-0.4623,consumption,bayesian_td632,
26,-0.2531,-0.0469,-0.4634,consumption,bayesian_td632,
27,-0.2548,-0.0502,-0.4655,consumption,bayesian_td632,
28,-0.2557,-0.0526,-0.4679,consumption,bayesian_td632,
29,-0.2604,-0.054,-0.4683,consumption,bayesian_td632,
30,-0.2617,-0.06,-0.4718,consumption,bayesian_td632,
31,-0.2614,-0.0639,-0.4781,consumption,bayesian_td632,
32,-0.2625,-0.0645,-0.4824,consumption,bayesian_td632,
33,-0.2664,-0.069,-0.4853,consumption,bayesian_td632,
34,-0.2701,-0.075,-0.4912,consumption,bayesian_td632,
35,-0.274,-0.075,-0.5009,consumption,bayesian_td632,
36,-0.2766,-0.0866,-0.5104,consumption,bayesian_td632,
37,-0.2813,-0.0883,-0.5199,consumption,bayesian_td632,
38,-0.2852,-0.0939,-0.5244,consumption,bayesian_td632,
39,-0.2893,-0.0969,-0.5334,consumption,bayesian_td632,
40,-0.2931,-0.0995,-0.543,consumption,bayesian_td632,
1,-0.2583,-0.1284,-0.3647,hours_worked,bayesian_td632,
2,-0.3447,-0.2218,-0.4351,hours_worked,bayesian_td632,
3,-0.4081,-0.2935,-0.4846,hours_worked,bayesian_td632,
4,-0.4469,-0.3477,-0.5214,hours_worked,bayesian_td632,
5,-0.4661,-0.3691,-0.5489,hours_worked,bayesian_td632,
6,-0.4739,-0.3766,-0.5664,hours_worked,bayesian_td632,
7,-0.4648,-0.3677,-0.5693,hours_worked,bayesian_td632,
8,-0.4489,-0.3492,-0.568,hours_worked,bayesian_td632,
9,-0.4247,-0.3179,-0.5561,hours_worked,bayesian_td632,
10,-0.398,-0.2801,-0.5346,hours_worked,bayesian_td632,
11,-0.3663,-0.2373,-0.5104,hours_worked,bayesian_td632,
12,-0.3312,-0.1903,-0.4789,hours_worked,bayesian_td632,
13,-0.2908,-0.1472,-0.4511,hours_worked,bayesian_td632,
14,-0.2545,-0.1066,-0.4211,hours_worked,bayesian_td632,
15,-0.2197,-0.07,-0.396,hours_worked,bayesian_td632,
16,-0.1901,-0.0388,-0.3652,hours_worked,bayesian_td632,
17,-0.1571,-0.0098,-0.331,hours_worked,bayesian_td632,
18,-0.1254,0.0215,-0.3056,hours_worked,bayesian_td632,
19,-0.0995,0.0484,-0.2789,hours_worked,bayesian_td632,
20,-0.0741,0.0693,-0.2562,hours_worked,bayesian_td632,
21,-0.0542,0.0839,-0.2324,hours_worked,bayesian_td632,
22,-0.0387,0.0955,-0.2114,hours_worked,bayesian_td632,
23,-0.0265,0.1065,-0.1949,hours_worked,bayesian_td632,
24,-0.0154,0.1144,-0.182,hours_worked,bayesian_td632,
25,-0.0084,0.12,-0.169,hours_worked,bayesian_td632,
26,-0.0085,0.1214,-0.1643,hours_worked,bayesian_td632,
27,-0.0062,0.1207,-0.1577,hours_worked,bayesian_td632,
28,-0.0075,0.1212,-0.1522,hours_worked,bayesian_td632,
29,-0.0112,0.1233,-0.1503,hours_worked,bayesian_td632,
30,-0.0139,0.1221,-0.1516,hours_worked,bayesian_td632,
31,-0.017,0.1193,-0.1526,hours_worked,bayesian_td632,
32,-0.0219,0.1157,-0.1558,hours_worked,bayesian_td632,
33,-0.0258,0.1137,-0.1617,hours_worked,bayesian_td632,
34,-0.0297,0.1111,-0.1698,hours_worked,bayesian_td632,
35,-0.0332,0.1062,-0.1726,hours_worked,bayesian_td632,
36,-0.0393,0.1003,-0.179,hours_worked,bayesian_td632,
37,-0.0439,0.0968,-0.1844,hours_worked,bayesian_td632,
38,-0.0466,0.0915,-0.1895,hours_worked,bayesian_td632,
39,-0.0505,0.0873,-0.1969,hours_worked,bayesian_td632,
40,-0.0544,0.0818,-0.202,hours_worked,bayesian_td632,
1,0.1733,0.2086,0.1176,unemployment,bayesian_td632,
2,0.2532,0.2913,0.1856,unemployment,bayesian_td632,
3,0.2956,0.3324,0.2322,unemployment,bayesian_td632,
4,0.3218,0.3586,0.2673,unemployment,bayesian_td632,
5,0.3362,0.3744,0.2904,unemployment,bayesian_td632,
6,0.3416,0.3829,0.3009,unemployment,bayesian_td632,
7,0.3368,0.3836,0.298,unemployment,bayesian_td632,
8,0.3311,0.3801,0.2854,unemployment,bayesian_td632,
9,0.3184,0.3694,0.2665,unemployment,bayesian_td632,
10,0.3,0.3582,0.2417,unemployment,bayesian_td632,
11,0.2799,0.3452,0.2146,unemployment,bayesian_td632,
12,0.257,0.326,0.1837,unemployment,bayesian_td632,
13,0.2319,0.3084,0.1509,unemployment,bayesian_td632,
14,0.2039,0.2879,0.1208,unemployment,bayesian_td632,
15,0.1773,0.2644,0.0914,unemployment,bayesian_td632,
16,0.1504,0.242,0.0654,unemployment,bayesian_td632,
17,0.1274,0.2218,0.04,unemployment,bayesian_td632,
18,0.1064,0.2027,0.0152,unemployment,bayesian_td632,
19,0.0864,0.1821,-0.0087,unemployment,bayesian_td632,
20,0.0676,0.1618,-0.0275,unemployment,bayesian_td632,
21,0.0513,0.1444,-0.0427,unemployment,bayesian_td632,
22,0.0363,0.1292,-0.0542,unemployment,bayesian_td632,
23,0.023,0.1143,-0.0647,unemployment,bayesian_td632,
24,0.0113,0.1,-0.0723,unemployment,bayesian_td632,
25,0.0027,0.0887,-0.0777,unemployment,bayesian_td632,
26,-0.0049,0.0796,-0.0785,unemployment,bayesian_td632,
27,-0.0107,0.0684,-0.0808,unemployment,bayesian_td632,
28,-0.0154,0.0614,-0.082,unemployment,bayesian_td632,
29,-0.0191,0.0539,-0.0811,unemployment,bayesian_td632,
30,-0.02,0.0498,-0.082,unemployment,bayesian_td632,
31,-0.0214,0.0463,-0.0793,unemployment,bayesian_td632,
32,-0.0214,0.0414,-0.076,unemployment,bayesian_td632,
33,-0.0198,0.0374,-0.0735,unemployment,bayesian_td632,
34,-0.0179,0.0339,-0.0709,unemployment,bayesian_td632,
35,-0.0163,0.0311,-0.0694,unemployment,bayesian_td632,
36,-0.0151,0.0296,-0.0675,unemployment,bayesian_td632,
37,-0.014,0.0286,-0.0634,unemployment,bayesian_td632,
38,-0.0123,0.0277,-0.0604,unemployment,bayesian_td632,
39,-0.0113,0.0279,-0.0568,unemployment,bayesian_td632,
40,-0.0104,0.028,-0.0546,unemployment,bayesian_td632,
1,0.4148,0.5222,0.2944,labor_share,bayesian_td632,
2,0.2578,0.3482,0.1748,labor_share,bayesian_td632,
3,0.168,0.2516,0.0927,labor_share,bayesian_td632,
4,0.0842,0.1593,0.0195,labor_share,bayesian_td632,
5,0.0139,0.0876,-0.048,labor_share,bayesian_td632,
6,-0.0448,0.0283,-0.1065,labor_share,bayesian_td632,
7,-0.0945,-0.021,-0.1548,labor_share,bayesian_td632,
8,-0.1338,-0.0606,-0.1934,labor_share,bayesian_td632,
9,-0.1657,-0.0911,-0.2249,labor_share,bayesian_td632,
10,-0.1879,-0.1118,-0.249,labor_share,bayesian_td632,
11,-0.2007,-0.1252,-0.2671,labor_share,bayesian_td632,
12,-0.2075,-0.1372,-0.2772,labor_share,bayesian_td632,
13,-0.2115,-0.1401,-0.2814,labor_share,bayesian_td632,
14,-0.2087,-0.1359,-0.2828,labor_share,bayesian_td632,
15,-0.2036,-0.1308,-0.2811,labor_share,bayesian_td632,
16,-0.1948,-0.1204,-0.2748,labor_share,bayesian_td632,
17,-0.1825,-0.1076,-0.2636,labor_share,bayesian_td632,
18,-0.1667,-0.0947,-0.2513,labor_share,bayesian_td632,
19,-0.151,-0.0771,-0.2396,labor_share,bayesian_td632,
20,-0.1338,-0.0609,-0.2223,labor_share,bayesian_td632,
21,-0.1177,-0.0433,-0.2068,labor_share,bayesian_td632,
22,-0.1017,-0.0286,-0.1893,labor_share,bayesian_td632,
23,-0.0872,-0.0126,-0.1748,labor_share,bayesian_td632,
24,-0.0708,0.0018,-0.1576,labor_share,bayesian_td632,
25,-0.0569,0.0147,-0.1435,labor_share,bayesian_td632,
26,-0.0446,0.0261,-0.1303,labor_share,bayesian_td632,
27,-0.0338,0.034,-0.1189,labor_share,bayesian_td632,
28,-0.0235,0.0423,-0.1068,labor_share,bayesian_td632,
29,-0.0143,0.0498,-0.0955,labor_share,bayesian_td632,
30,-0.0083,0.0566,-0.0876,labor_share,bayesian_td632,
31,-0.0022,0.0616,-0.0778,labor_share,bayesian_td632,
32,0.0026,0.0654,-0.07,labor_share,bayesian_td632,
33,0.005,0.0695,-0.064,labor_share,bayesian_td632,
34,0.0057,0.0731,-0.0603,labor_share,bayesian_td632,
35,0.0064,0.0737,-0.0574,labor_share,bayesian_td632,
36,0.0084,0.0732,-0.0553,labor_share,bayesian_td632,
37,0.0096,0.0742,-0.0537,labor_share,bayesian_td632,
38,0.0102,0.0752,-0.0536,labor_share,bayesian_td632,
39,0.0101,0.0761,-0.0554,labor_share,bayesian_td632,
40,0.0089,0.0752,-0.0557,labor_share,bayesian_td632,
1,0.0441,0.0927,0.0012,interest,bayesian_td632,
2,0.0261,0.0801,-0.0191,interest,bayesian_td632,
3,0.01,0.0641,-0.0363,interest,bayesian_td632,
4,-0.0039,0.0491,-0.0505,interest,bayesian_td632,
5,-0.0162,0.0339,-0.063,interest,bayesian_td632,
6,-0.026,0.0228,-0.0721,interest,bayesian_td632,
7,-0.032,0.0126,-0.0791,interest,bayesian_td632,
8,-0.0377,0.0058,-0.0838,interest,bayesian_td632,
9,-0.0411,0.0016,-0.0864,interest,bayesian_td632,
10,-0.0427,0,-0.0872,interest,bayesian_td632,
11,-0.0432,-0.0021,-0.0854,interest,bayesian_td632,
12,-0.0429,-0.0032,-0.0838,interest,bayesian_td632,
13,-0.0411,-0.0034,-0.0814,interest,bayesian_td632,
14,-0.038,-0.0016,-0.0786,interest,bayesian_td632,
15,-0.0345,2e-04,-0.0743,interest,bayesian_td632,
16,-0.0307,0.0021,-0.0716,interest,bayesian_td632,
17,-0.0275,0.0061,-0.0692,interest,bayesian_td632,
18,-0.0244,0.0089,-0.066,interest,bayesian_td632,
19,-0.0212,0.0118,-0.0626,interest,bayesian_td632,
20,-0.0184,0.0146,-0.0581,interest,bayesian_td632,
21,-0.0152,0.0167,-0.0542,interest,bayesian_td632,
22,-0.0127,0.0183,-0.0509,interest,bayesian_td632,
23,-0.0104,0.02,-0.0484,interest,bayesian_td632,
24,-0.009,0.0214,-0.0464,interest,bayesian_td632,
25,-0.0076,0.0223,-0.0423,interest,bayesian_td632,
26,-0.0059,0.0226,-0.0413,interest,bayesian_td632,
27,-0.0054,0.0241,-0.0401,interest,bayesian_td632,
28,-0.0052,0.0239,-0.0397,interest,bayesian_td632,
29,-0.0047,0.0248,-0.0388,interest,bayesian_td632,
30,-0.0053,0.0238,-0.0381,interest,bayesian_td632,
31,-0.0056,0.0239,-0.0373,interest,bayesian_td632,
32,-0.0058,0.0236,-0.0361,interest,bayesian_td632,
33,-0.0061,0.0232,-0.0364,interest,bayesian_td632,
34,-0.0062,0.022,-0.0356,interest,bayesian_td632,
35,-0.0069,0.0209,-0.0357,interest,bayesian_td632,
36,-0.0076,0.0204,-0.0363,interest,bayesian_td632,
37,-0.0082,0.0193,-0.0366,interest,bayesian_td632,
38,-0.0083,0.0184,-0.0364,interest,bayesian_td632,
39,-0.0089,0.0173,-0.0364,interest,bayesian_td632,
40,-0.0095,0.0162,-0.0363,interest,bayesian_td632,
1,0.0606,0.098,0.022,inflation,bayesian_td632,
2,0.0347,0.0633,0.0082,inflation,bayesian_td632,
3,0.0188,0.0463,-0.0064,inflation,bayesian_td632,
4,0.0068,0.0321,-0.019,inflation,bayesian_td632,
5,-0.0036,0.0208,-0.0295,inflation,bayesian_td632,
6,-0.0112,0.0126,-0.0372,inflation,bayesian_td632,
7,-0.0162,0.0064,-0.0422,inflation,bayesian_td632,
8,-0.0205,0.0017,-0.0457,inflation,bayesian_td632,
9,-0.0234,-0.002,-0.0475,inflation,bayesian_td632,
10,-0.0253,-0.0038,-0.0479,inflation,bayesian_td632,
11,-0.0267,-0.0048,-0.0487,inflation,bayesian_td632,
12,-0.0272,-0.0055,-0.0481,inflation,bayesian_td632,
13,-0.0262,-0.0045,-0.0484,inflation,bayesian_td632,
14,-0.0258,-0.0034,-0.048,inflation,bayesian_td632,
15,-0.0244,-0.0027,-0.0457,inflation,bayesian_td632,
16,-0.0229,-0.0017,-0.045,inflation,bayesian_td632,
17,-0.0214,1e-04,-0.044,inflation,bayesian_td632,
18,-0.02,0.0025,-0.042,inflation,bayesian_td632,
19,-0.0186,0.0033,-0.0403,inflation,bayesian_td632,
20,-0.0171,0.0045,-0.0382,inflation,bayesian_td632,
21,-0.0156,0.0054,-0.0367,inflation,bayesian_td632,
22,-0.014,0.0059,-0.0351,inflation,bayesian_td632,
23,-0.0126,0.0067,-0.0341,inflation,bayesian_td632,
24,-0.0117,0.0074,-0.0325,inflation,bayesian_td632,
25,-0.011,0.0079,-0.0312,inflation,bayesian_td632,
26,-0.0104,0.0079,-0.0296,inflation,bayesian_td632,
27,-0.0097,0.0083,-0.0283,inflation,bayesian_td632,
28,-0.0089,0.0089,-0.0276,inflation,bayesian_td632,
29,-0.0084,0.0088,-0.0269,inflation,bayesian_td632,
30,-0.0079,0.0088,-0.026,inflation,bayesian_td632,
31,-0.0075,0.0087,-0.0252,inflation,bayesian_td632,
32,-0.007,0.0088,-0.0243,inflation,bayesian_td632,
33,-0.0068,0.0083,-0.0235,inflation,bayesian_td632,
34,-0.0067,0.008,-0.023,inflation,bayesian_td632,
35,-0.0066,0.0071,-0.0223,inflation,bayesian_td632,
36,-0.0064,0.007,-0.0219,inflation,bayesian_td632,
37,-0.0064,0.0067,-0.0212,inflation,bayesian_td632,
38,-0.0061,0.0064,-0.0206,inflation,bayesian_td632,
39,-0.0061,0.0061,-0.02,inflation,bayesian_td632,
40,-0.006,0.0061,-0.0195,inflation,bayesian_td632,
1,-0.3779,-0.2748,-0.4507,productivity,bayesian_td632,
2,-0.2972,-0.2143,-0.3648,productivity,bayesian_td632,
3,-0.2324,-0.1519,-0.3086,productivity,bayesian_td632,
4,-0.178,-0.0944,-0.2671,productivity,bayesian_td632,
5,-0.1328,-0.0373,-0.2364,productivity,bayesian_td632,
6,-0.0975,0.0121,-0.2089,productivity,bayesian_td632,
7,-0.066,0.0529,-0.1877,productivity,bayesian_td632,
8,-0.0429,0.0815,-0.1719,productivity,bayesian_td632,
9,-0.0266,0.1027,-0.1654,productivity,bayesian_td632,
10,-0.0182,0.1205,-0.162,productivity,bayesian_td632,
11,-0.018,0.1309,-0.1687,productivity,bayesian_td632,
12,-0.0252,0.1335,-0.1696,productivity,bayesian_td632,
13,-0.0317,0.1318,-0.1811,productivity,bayesian_td632,
14,-0.0405,0.1261,-0.1955,productivity,bayesian_td632,
15,-0.0519,0.1101,-0.2094,productivity,bayesian_td632,
16,-0.0675,0.0986,-0.2278,productivity,bayesian_td632,
17,-0.0858,0.0825,-0.2475,productivity,bayesian_td632,
18,-0.1034,0.0669,-0.271,productivity,bayesian_td632,
19,-0.1201,0.0508,-0.2928,productivity,bayesian_td632,
20,-0.1378,0.0383,-0.3142,productivity,bayesian_td632,
21,-0.1539,0.0269,-0.3376,productivity,bayesian_td632,
22,-0.1695,0.013,-0.3583,productivity,bayesian_td632,
23,-0.184,-5e-04,-0.3744,productivity,bayesian_td632,
24,-0.1991,-0.0159,-0.3917,productivity,bayesian_td632,
25,-0.2116,-0.0301,-0.4088,productivity,bayesian_td632,
26,-0.2237,-0.0444,-0.4242,productivity,bayesian_td632,
27,-0.233,-0.0512,-0.4354,productivity,bayesian_td632,
28,-0.2415,-0.0583,-0.4472,productivity,bayesian_td632,
29,-0.249,-0.0654,-0.4556,productivity,bayesian_td632,
30,-0.2563,-0.0727,-0.4649,productivity,bayesian_td632,
31,-0.2606,-0.0762,-0.4695,productivity,bayesian_td632,
32,-0.2636,-0.0791,-0.4776,productivity,bayesian_td632,
33,-0.2657,-0.0798,-0.4819,productivity,bayesian_td632,
34,-0.2674,-0.0843,-0.4885,productivity,bayesian_td632,
35,-0.2677,-0.0844,-0.4901,productivity,bayesian_td632,
36,-0.2692,-0.084,-0.4926,productivity,bayesian_td632,
37,-0.2684,-0.08,-0.4948,productivity,bayesian_td632,
38,-0.2694,-0.0771,-0.4957,productivity,bayesian_td632,
39,-0.2664,-0.0788,-0.4961,productivity,bayesian_td632,
40,-0.2644,-0.0769,-0.4938,productivity,bayesian_td632,
1,-0.0357,0.0678,-0.1351,TFP,bayesian_td632,
2,-0.0274,0.0725,-0.1171,TFP,bayesian_td632,
3,-0.0388,0.0538,-0.1291,TFP,bayesian_td632,
4,-0.0539,0.0395,-0.1458,TFP,bayesian_td632,
5,-0.0731,0.0248,-0.1696,TFP,bayesian_td632,
6,-0.0905,0.0103,-0.1917,TFP,bayesian_td632,
7,-0.1101,-0.0052,-0.2176,TFP,bayesian_td632,
8,-0.13,-0.0177,-0.2424,TFP,bayesian_td632,
9,-0.1485,-0.0277,-0.2619,TFP,bayesian_td632,
10,-0.166,-0.0403,-0.2787,TFP,bayesian_td632,
11,-0.1779,-0.0483,-0.2958,TFP,bayesian_td632,
12,-0.1892,-0.0606,-0.3147,TFP,bayesian_td632,
13,-0.1975,-0.0702,-0.3295,TFP,bayesian_td632,
14,-0.2076,-0.0763,-0.3424,TFP,bayesian_td632,
15,-0.2175,-0.083,-0.3549,TFP,bayesian_td632,
16,-0.225,-0.0849,-0.3615,TFP,bayesian_td632,
17,-0.2273,-0.0876,-0.3669,TFP,bayesian_td632,
18,-0.2312,-0.0893,-0.3713,TFP,bayesian_td632,
19,-0.2308,-0.0885,-0.3774,TFP,bayesian_td632,
20,-0.2288,-0.0881,-0.3816,TFP,bayesian_td632,
21,-0.2303,-0.0916,-0.382,TFP,bayesian_td632,
22,-0.2288,-0.0935,-0.3862,TFP,bayesian_td632,
23,-0.2279,-0.0927,-0.3887,TFP,bayesian_td632,
24,-0.2256,-0.0933,-0.3877,TFP,bayesian_td632,
25,-0.2245,-0.0921,-0.3845,TFP,bayesian_td632,
26,-0.2201,-0.0892,-0.3816,TFP,bayesian_td632,
27,-0.2167,-0.0874,-0.3794,TFP,bayesian_td632,
28,-0.2127,-0.0835,-0.3746,TFP,bayesian_td632,
29,-0.2068,-0.0814,-0.3711,TFP,bayesian_td632,
30,-0.2045,-0.0778,-0.3743,TFP,bayesian_td632,
31,-0.2017,-0.0753,-0.3729,TFP,bayesian_td632,
32,-0.1992,-0.0734,-0.3699,TFP,bayesian_td632,
33,-0.1957,-0.0709,-0.3678,TFP,bayesian_td632,
34,-0.1922,-0.0679,-0.3651,TFP,bayesian_td632,
35,-0.1892,-0.0659,-0.3617,TFP,bayesian_td632,
36,-0.1868,-0.0636,-0.361,TFP,bayesian_td632,
37,-0.1846,-0.0623,-0.3563,TFP,bayesian_td632,
38,-0.182,-0.0633,-0.3543,TFP,bayesian_td632,
39,-0.1792,-0.0624,-0.3502,TFP,bayesian_td632,
40,-0.1772,-0.0627,-0.3443,TFP,bayesian_td632,
1,-0.4229,-0.3077,-0.4975,output,classical_fd,-0.479
2,-0.5873,-0.4463,-0.6911,output,classical_fd,-0.6555
3,-0.6204,-0.3959,-0.7706,output,classical_fd,-0.6731
4,-0.5562,-0.2488,-0.7753,output,classical_fd,-0.5956
5,-0.4329,-0.054,-0.7361,output,classical_fd,-0.4743
6,-0.2904,0.125,-0.6424,output,classical_fd,-0.3421
7,-0.1594,0.2821,-0.5483,output,classical_fd,-0.2203
8,-0.0467,0.3919,-0.4638,output,classical_fd,-0.1198
9,0.0416,0.4647,-0.3767,output,classical_fd,-0.0449
10,0.0922,0.5153,-0.314,output,classical_fd,0.005
11,0.132,0.5372,-0.2675,output,classical_fd,0.0331
12,0.1503,0.5348,-0.2392,output,classical_fd,0.0439
13,0.148,0.526,-0.2278,output,classical_fd,0.0419
14,0.1394,0.5003,-0.2279,output,classical_fd,0.0314
15,0.1185,0.4739,-0.2224,output,classical_fd,0.0158
16,0.1038,0.4525,-0.2219,output,classical_fd,-0.0023
17,0.0814,0.4232,-0.2233,output,classical_fd,-0.0208
18,0.0654,0.4008,-0.2339,output,classical_fd,-0.0386
19,0.0531,0.373,-0.2466,output,classical_fd,-0.055
20,0.038,0.3515,-0.2664,output,classical_fd,-0.0695
21,0.0264,0.3405,-0.2739,output,classical_fd,-0.0822
22,0.0181,0.3225,-0.2899,output,classical_fd,-0.0929
23,0.0083,0.3045,-0.3011,output,classical_fd,-0.1019
24,-0.0017,0.2932,-0.3145,output,classical_fd,-0.1094
25,-0.0075,0.291,-0.3198,output,classical_fd,-0.1154
26,-0.0184,0.2824,-0.3199,output,classical_fd,-0.1202
27,-0.0263,0.2776,-0.3318,output,classical_fd,-0.1239
28,-0.0367,0.2822,-0.3365,output,classical_fd,-0.1267
29,-0.0397,0.2783,-0.3433,output,classical_fd,-0.1286
30,-0.041,0.2808,-0.3493,output,classical_fd,-0.1297
31,-0.041,0.2898,-0.3568,output,classical_fd,-0.1302
32,-0.0396,0.2902,-0.3605,output,classical_fd,-0.1302
33,-0.0421,0.2892,-0.3633,output,classical_fd,-0.1296
34,-0.0458,0.293,-0.3692,output,classical_fd,-0.1286
35,-0.0455,0.2979,-0.3747,output,classical_fd,-0.1273
36,-0.0417,0.304,-0.3768,output,classical_fd,-0.1256
37,-0.0421,0.3089,-0.3811,output,classical_fd,-0.1237
38,-0.0404,0.3115,-0.384,output,classical_fd,-0.1217
39,-0.0378,0.3198,-0.3848,output,classical_fd,-0.1195
40,-0.0381,0.3235,-0.3869,output,classical_fd,-0.1172
1,-1.3911,-0.9886,-1.6863,investment,classical_fd,-1.5806
2,-2.0894,-1.6608,-2.4366,investment,classical_fd,-2.3222
3,-2.183,-1.4699,-2.6885,investment,classical_fd,-2.3541
4,-1.8638,-0.8349,-2.5884,investment,classical_fd,-1.9775
5,-1.3295,-0.1302,-2.3381,investment,classical_fd,-1.429
6,-0.733,0.5658,-1.9025,investment,classical_fd,-0.8554
7,-0.1919,1.1396,-1.4462,investment,classical_fd,-0.3434
8,0.2455,1.546,-1.0318,investment,classical_fd,0.0637
9,0.5763,1.8034,-0.738,investment,classical_fd,0.3538
10,0.8073,1.9127,-0.4555,investment,classical_fd,0.5339
11,0.8742,1.916,-0.2588,investment,classical_fd,0.6213
12,0.8693,1.8387,-0.1581,investment,classical_fd,0.6374
13,0.8448,1.7563,-0.0909,investment,classical_fd,0.6032
14,0.7731,1.6094,-0.0369,investment,classical_fd,0.5373
15,0.6887,1.4451,-0.0511,investment,classical_fd,0.4546
16,0.591,1.3128,-0.1166,investment,classical_fd,0.366
17,0.4989,1.1762,-0.1683,investment,classical_fd,0.2791
18,0.4151,1.064,-0.2185,investment,classical_fd,0.1986
19,0.3223,0.9583,-0.2804,investment,classical_fd,0.127
20,0.2489,0.8594,-0.3223,investment,classical_fd,0.0653
21,0.191,0.7885,-0.3847,investment,classical_fd,0.0133
22,0.1386,0.7301,-0.4177,investment,classical_fd,-0.0294
23,0.0906,0.67,-0.4513,investment,classical_fd,-0.064
24,0.053,0.6236,-0.4835,investment,classical_fd,-0.0913
25,0.0387,0.5949,-0.5241,investment,classical_fd,-0.1124
26,-0.0053,0.592,-0.5375,investment,classical_fd,-0.1281
27,-0.029,0.5833,-0.5506,investment,classical_fd,-0.1392
28,-0.0463,0.5682,-0.5671,investment,classical_fd,-0.1465
29,-0.0584,0.5421,-0.5906,investment,classical_fd,-0.1505
30,-0.0657,0.5406,-0.6089,investment,classical_fd,-0.1518
31,-0.073,0.5345,-0.6219,investment,classical_fd,-0.1507
32,-0.0759,0.5354,-0.6512,investment,classical_fd,-0.1478
33,-0.0719,0.554,-0.6439,investment,classical_fd,-0.1433
34,-0.0616,0.5633,-0.6515,investment,classical_fd,-0.1377
35,-0.0551,0.5814,-0.6405,investment,classical_fd,-0.1311
36,-0.0567,0.5846,-0.6463,investment,classical_fd,-0.124
37,-0.0434,0.5821,-0.6369,investment,classical_fd,-0.1164
38,-0.0327,0.6078,-0.6163,investment,classical_fd,-0.1087
39,-0.0227,0.6111,-0.6245,investment,classical_fd,-0.101
40,-0.0057,0.6315,-0.614,investment,classical_fd,-0.0934
1,-0.1975,-0.1371,-0.2455,consumption,classical_fd,-0.2238
2,-0.2846,-0.1846,-0.3522,consumption,classical_fd,-0.3098
3,-0.3097,-0.1721,-0.4054,consumption,classical_fd,-0.3338
4,-0.3001,-0.1219,-0.4297,consumption,classical_fd,-0.3247
5,-0.2699,-0.0609,-0.4273,consumption,classical_fd,-0.2939
6,-0.223,0.0168,-0.4131,consumption,classical_fd,-0.2516
7,-0.1681,0.0818,-0.3914,consumption,classical_fd,-0.2061
8,-0.1187,0.1406,-0.3605,consumption,classical_fd,-0.1631
9,-0.0776,0.1871,-0.3305,consumption,classical_fd,-0.1261
10,-0.039,0.2263,-0.308,consumption,classical_fd,-0.097
11,-0.0116,0.2577,-0.2867,consumption,classical_fd,-0.0759
12,0.0109,0.2779,-0.2715,consumption,classical_fd,-0.0624
13,0.0243,0.2902,-0.2539,consumption,classical_fd,-0.0553
14,0.0291,0.2936,-0.2465,consumption,classical_fd,-0.0533
15,0.0302,0.2977,-0.2475,consumption,classical_fd,-0.0552
16,0.0254,0.2965,-0.2457,consumption,classical_fd,-0.0597
17,0.0213,0.2919,-0.2486,consumption,classical_fd,-0.0658
18,0.0157,0.2809,-0.2487,consumption,classical_fd,-0.0729
19,0.0115,0.2717,-0.2585,consumption,classical_fd,-0.0803
20,0.0057,0.2638,-0.2697,consumption,classical_fd,-0.0876
21,-0.0044,0.2591,-0.2769,consumption,classical_fd,-0.0946
22,-0.0094,0.2504,-0.2858,consumption,classical_fd,-0.1011
23,-0.015,0.245,-0.299,consumption,classical_fd,-0.107
24,-0.0237,0.2384,-0.3086,consumption,classical_fd,-0.1123
25,-0.0276,0.2382,-0.318,consumption,classical_fd,-0.1169
26,-0.0341,0.2311,-0.3221,consumption,classical_fd,-0.1209
27,-0.036,0.2276,-0.3233,consumption,classical_fd,-0.1242
28,-0.0427,0.2248,-0.327,consumption,classical_fd,-0.127
29,-0.0486,0.2205,-0.3318,consumption,classical_fd,-0.1293
30,-0.0512,0.2173,-0.3364,consumption,classical_fd,-0.131
31,-0.0517,0.218,-0.342,consumption,classical_fd,-0.1323
32,-0.054,0.2186,-0.3473,consumption,classical_fd,-0.1331
33,-0.0544,0.2192,-0.3499,consumption,classical_fd,-0.1335
34,-0.0552,0.2215,-0.3544,consumption,classical_fd,-0.1335
35,-0.0543,0.2239,-0.3615,consumption,classical_fd,-0.1332
36,-0.0532,0.2245,-0.3662,consumption,classical_fd,-0.1326
37,-0.0567,0.2261,-0.3672,consumption,classical_fd,-0.1318
38,-0.0551,0.2294,-0.3778,consumption,classical_fd,-0.1307
39,-0.0579,0.2378,-0.3788,consumption,classical_fd,-0.1295
40,-0.0564,0.2465,-0.3819,consumption,classical_fd,-0.1281
1,-0.3191,-0.2304,-0.3836,hours_worked,classical_fd,-0.3558
2,-0.4781,-0.389,-0.5453,hours_worked,classical_fd,-0.5306
3,-0.534,-0.4093,-0.6184,hours_worked,classical_fd,-0.5821
4,-0.507,-0.3255,-0.6216,hours_worked,classical_fd,-0.5367
5,-0.4214,-0.1641,-0.5956,hours_worked,classical_fd,-0.438
6,-0.2978,0.0034,-0.5397,hours_worked,classical_fd,-0.3184
7,-0.1739,0.1564,-0.4543,hours_worked,classical_fd,-0.2002
8,-0.0597,0.27,-0.3676,hours_worked,classical_fd,-0.0964
9,0.033,0.352,-0.2869,hours_worked,classical_fd,-0.0131
10,0.1055,0.4065,-0.2137,hours_worked,classical_fd,0.0483
11,0.151,0.4342,-0.1537,hours_worked,classical_fd,0.0895
12,0.1775,0.444,-0.1014,hours_worked,classical_fd,0.1136
13,0.185,0.4442,-0.067,hours_worked,classical_fd,0.1244
14,0.1851,0.4251,-0.0391,hours_worked,classical_fd,0.1254
15,0.1748,0.3989,-0.0303,hours_worked,classical_fd,0.1201
16,0.1698,0.3744,-0.0301,hours_worked,classical_fd,0.1108
17,0.1612,0.3492,-0.0296,hours_worked,classical_fd,0.0995
18,0.1472,0.3274,-0.0302,hours_worked,classical_fd,0.0876
19,0.1331,0.3033,-0.0391,hours_worked,classical_fd,0.0761
20,0.1184,0.2821,-0.0424,hours_worked,classical_fd,0.0654
21,0.1056,0.2637,-0.0544,hours_worked,classical_fd,0.0558
22,0.0954,0.2499,-0.0618,hours_worked,classical_fd,0.0475
23,0.0862,0.2374,-0.0691,hours_worked,classical_fd,0.0404
24,0.0732,0.2286,-0.0764,hours_worked,classical_fd,0.0345
25,0.0648,0.2209,-0.0834,hours_worked,classical_fd,0.0297
26,0.0558,0.2162,-0.088,hours_worked,classical_fd,0.0259
27,0.0465,0.2095,-0.0926,hours_worked,classical_fd,0.023
28,0.0411,0.2073,-0.0958,hours_worked,classical_fd,0.021
29,0.0372,0.1987,-0.1006,hours_worked,classical_fd,0.0197
30,0.0373,0.1938,-0.1052,hours_worked,classical_fd,0.019
31,0.0365,0.1875,-0.1122,hours_worked,classical_fd,0.019
32,0.035,0.1871,-0.1105,hours_worked,classical_fd,0.0194
33,0.0331,0.1885,-0.1129,hours_worked,classical_fd,0.0203
34,0.0361,0.1917,-0.118,hours_worked,classical_fd,0.0216
35,0.0339,0.1976,-0.1209,hours_worked,classical_fd,0.0232
36,0.0351,0.2057,-0.1209,hours_worked,classical_fd,0.0249
37,0.0359,0.21,-0.1216,hours_worked,classical_fd,0.0269
38,0.04,0.2142,-0.1202,hours_worked,classical_fd,0.0289
39,0.0429,0.22,-0.1202,hours_worked,classical_fd,0.0311
40,0.0461,0.2287,-0.1198,hours_worked,classical_fd,0.0332
1,0.1724,0.1908,0.1446,unemployment,classical_fd,0.1984
2,0.2958,0.3261,0.2456,unemployment,classical_fd,0.3301
3,0.3506,0.3944,0.2794,unemployment,classical_fd,0.3845
4,0.3552,0.4164,0.2464,unemployment,classical_fd,0.3796
5,0.3216,0.4119,0.1737,unemployment,classical_fd,0.3376
6,0.2572,0.384,0.0846,unemployment,classical_fd,0.2765
7,0.1903,0.3424,-0.0072,unemployment,classical_fd,0.21
8,0.1225,0.2947,-0.0808,unemployment,classical_fd,0.1472
9,0.0665,0.2442,-0.1321,unemployment,classical_fd,0.0932
10,0.0198,0.1938,-0.1716,unemployment,classical_fd,0.0503
11,-0.0162,0.1572,-0.1921,unemployment,classical_fd,0.0187
12,-0.0379,0.1292,-0.2063,unemployment,classical_fd,-0.0027
13,-0.054,0.1046,-0.2117,unemployment,classical_fd,-0.0153
14,-0.0575,0.0862,-0.2074,unemployment,classical_fd,-0.0213
15,-0.0564,0.0669,-0.195,unemployment,classical_fd,-0.0223
16,-0.0524,0.0527,-0.1789,unemployment,classical_fd,-0.02
17,-0.0474,0.0475,-0.1634,unemployment,classical_fd,-0.0156
18,-0.0404,0.0469,-0.145,unemployment,classical_fd,-0.0102
19,-0.0342,0.048,-0.1323,unemployment,classical_fd,-0.0043
20,-0.0292,0.0506,-0.1185,unemployment,classical_fd,0.0015
21,-0.0204,0.0548,-0.1066,unemployment,classical_fd,0.0068
22,-0.015,0.0596,-0.0967,unemployment,classical_fd,0.0116
23,-0.0076,0.0635,-0.0865,unemployment,classical_fd,0.0158
24,-0.0025,0.0683,-0.0765,unemployment,classical_fd,0.0193
25,0.0045,0.0726,-0.0685,unemployment,classical_fd,0.0222
26,0.0077,0.0752,-0.062,unemployment,classical_fd,0.0244
27,0.0117,0.078,-0.056,unemployment,classical_fd,0.0261
28,0.0138,0.0797,-0.05,unemployment,classical_fd,0.0273
29,0.0159,0.084,-0.0459,unemployment,classical_fd,0.028
30,0.0177,0.0838,-0.0437,unemployment,classical_fd,0.0282
31,0.0196,0.0851,-0.0393,unemployment,classical_fd,0.0281
32,0.0224,0.0858,-0.0378,unemployment,classical_fd,0.0277
33,0.0234,0.0888,-0.0371,unemployment,classical_fd,0.0269
34,0.0242,0.0868,-0.0357,unemployment,classical_fd,0.0259
35,0.0249,0.0883,-0.0338,unemployment,classical_fd,0.0247
36,0.0244,0.0874,-0.0317,unemployment,classical_fd,0.0234
37,0.0239,0.0861,-0.0323,unemployment,classical_fd,0.0219
38,0.0234,0.085,-0.0316,unemployment,classical_fd,0.0204
39,0.0225,0.0825,-0.032,unemployment,classical_fd,0.0188
40,0.0207,0.0809,-0.0324,unemployment,classical_fd,0.0172
1,0.1495,0.2986,-0.0269,labor_share,classical_fd,0.1675
2,0.1085,0.216,-0.0039,labor_share,classical_fd,0.128
3,0.0336,0.1506,-0.0847,labor_share,classical_fd,0.0529
4,-0.0502,0.0572,-0.156,labor_share,classical_fd,-0.0371
5,-0.1249,-0.0248,-0.2229,labor_share,classical_fd,-0.1166
6,-0.1753,-0.0856,-0.2589,labor_share,classical_fd,-0.1747
7,-0.2024,-0.1271,-0.2791,labor_share,classical_fd,-0.2079
8,-0.2081,-0.1362,-0.2827,labor_share,classical_fd,-0.2188
9,-0.1989,-0.1194,-0.2827,labor_share,classical_fd,-0.2117
10,-0.1836,-0.089,-0.2716,labor_share,classical_fd,-0.1923
11,-0.156,-0.0462,-0.2581,labor_share,classical_fd,-0.1654
12,-0.1242,-0.004,-0.2392,labor_share,classical_fd,-0.1353
13,-0.0892,0.0308,-0.2217,labor_share,classical_fd,-0.1053
14,-0.0624,0.0645,-0.198,labor_share,classical_fd,-0.0774
15,-0.0341,0.0889,-0.1747,labor_share,classical_fd,-0.053
16,-0.0128,0.1101,-0.1476,labor_share,classical_fd,-0.0325
17,0.0049,0.1253,-0.1238,labor_share,classical_fd,-0.016
18,0.0173,0.1336,-0.1065,labor_share,classical_fd,-0.0033
19,0.0255,0.1385,-0.0894,labor_share,classical_fd,0.0061
20,0.0294,0.1369,-0.0779,labor_share,classical_fd,0.0127
21,0.0316,0.1362,-0.0674,labor_share,classical_fd,0.0171
22,0.0331,0.1325,-0.0619,labor_share,classical_fd,0.0198
23,0.0347,0.1277,-0.0558,labor_share,classical_fd,0.0211
24,0.0344,0.1233,-0.0512,labor_share,classical_fd,0.0215
25,0.033,0.119,-0.0489,labor_share,classical_fd,0.0212
26,0.032,0.1157,-0.047,labor_share,classical_fd,0.0206
27,0.0295,0.1101,-0.0512,labor_share,classical_fd,0.0197
28,0.0286,0.1042,-0.0503,labor_share,classical_fd,0.0188
29,0.0265,0.101,-0.0544,labor_share,classical_fd,0.0178
30,0.0234,0.097,-0.0517,labor_share,classical_fd,0.017
31,0.0201,0.0969,-0.0537,labor_share,classical_fd,0.0163
32,0.0184,0.0961,-0.0546,labor_share,classical_fd,0.0158
33,0.0156,0.0953,-0.0554,labor_share,classical_fd,0.0156
34,0.0137,0.0927,-0.0542,labor_share,classical_fd,0.0155
35,0.012,0.0943,-0.0543,labor_share,classical_fd,0.0157
36,0.012,0.0927,-0.0568,labor_share,classical_fd,0.0161
37,0.0117,0.0935,-0.0579,labor_share,classical_fd,0.0166
38,0.013,0.0927,-0.0585,labor_share,classical_fd,0.0173
39,0.0125,0.0935,-0.0605,labor_share,classical_fd,0.0182
40,0.0124,0.0947,-0.0596,labor_share,classical_fd,0.0192
1,-0.0518,-0.0063,-0.1038,interest,classical_fd,-0.056
2,-0.1041,-0.045,-0.1548,interest,classical_fd,-0.1055
3,-0.1229,-0.0691,-0.1666,interest,classical_fd,-0.1229
4,-0.1217,-0.077,-0.1589,interest,classical_fd,-0.1212
5,-0.1111,-0.0729,-0.1441,interest,classical_fd,-0.1092
6,-0.0936,-0.0609,-0.1259,interest,classical_fd,-0.0914
7,-0.0755,-0.0425,-0.107,interest,classical_fd,-0.0715
8,-0.0575,-0.0227,-0.0897,interest,classical_fd,-0.052
9,-0.039,-0.0026,-0.0742,interest,classical_fd,-0.0344
10,-0.0229,0.0132,-0.0632,interest,classical_fd,-0.0193
11,-0.0094,0.0261,-0.0517,interest,classical_fd,-0.007
12,9e-04,0.0361,-0.0421,interest,classical_fd,0.0026
13,0.0079,0.0427,-0.0317,interest,classical_fd,0.0098
14,0.0129,0.0475,-0.0251,interest,classical_fd,0.0149
15,0.0165,0.0521,-0.0209,interest,classical_fd,0.0184
16,0.0189,0.0538,-0.0154,interest,classical_fd,0.0206
17,0.0207,0.0544,-0.0126,interest,classical_fd,0.0218
18,0.0234,0.0547,-0.0103,interest,classical_fd,0.0222
19,0.0237,0.0547,-0.0091,interest,classical_fd,0.0222
20,0.0233,0.0563,-0.0097,interest,classical_fd,0.0218
21,0.0235,0.0557,-0.0101,interest,classical_fd,0.0211
22,0.023,0.0561,-0.0103,interest,classical_fd,0.0203
23,0.0227,0.0559,-0.0092,interest,classical_fd,0.0193
24,0.0226,0.0545,-0.0105,interest,classical_fd,0.0183
25,0.0224,0.0537,-0.0114,interest,classical_fd,0.0173
26,0.0216,0.0525,-0.0117,interest,classical_fd,0.0163
27,0.0207,0.0525,-0.0122,interest,classical_fd,0.0153
28,0.0198,0.0525,-0.0126,interest,classical_fd,0.0143
29,0.0185,0.0523,-0.013,interest,classical_fd,0.0134
30,0.0178,0.0522,-0.0133,interest,classical_fd,0.0125
31,0.0176,0.0517,-0.0141,interest,classical_fd,0.0117
32,0.0172,0.0511,-0.0148,interest,classical_fd,0.0109
33,0.0163,0.0508,-0.0158,interest,classical_fd,0.0102
34,0.0155,0.0497,-0.0168,interest,classical_fd,0.0096
35,0.0148,0.0494,-0.0182,interest,classical_fd,0.009
36,0.0142,0.0495,-0.018,interest,classical_fd,0.0084
37,0.0135,0.0486,-0.0184,interest,classical_fd,0.0079
38,0.0134,0.0491,-0.0194,interest,classical_fd,0.0075
39,0.0128,0.0494,-0.0203,interest,classical_fd,0.0071
40,0.0125,0.0495,-0.0206,interest,classical_fd,0.0067
1,-0.0079,0.0314,-0.0465,inflation,classical_fd,-0.0034
2,-0.0183,0.0114,-0.0503,inflation,classical_fd,-0.0168
3,-0.0319,-0.0033,-0.0596,inflation,classical_fd,-0.0304
4,-0.0352,-0.0095,-0.0614,inflation,classical_fd,-0.0334
5,-0.0338,-0.0113,-0.0571,inflation,classical_fd,-0.0325
6,-0.0279,-0.008,-0.0503,inflation,classical_fd,-0.0269
7,-0.0211,-0.0011,-0.042,inflation,classical_fd,-0.0192
8,-0.0132,0.0088,-0.035,inflation,classical_fd,-0.0103
9,-0.0044,0.0184,-0.0273,inflation,classical_fd,-0.0018
10,0.0046,0.0269,-0.0206,inflation,classical_fd,0.0057
11,0.0111,0.0342,-0.0143,inflation,classical_fd,0.0118
12,0.0163,0.0405,-0.0108,inflation,classical_fd,0.0163
13,0.0203,0.0447,-0.0064,inflation,classical_fd,0.0193
14,0.0223,0.0467,-0.0035,inflation,classical_fd,0.021
15,0.0233,0.0476,-9e-04,inflation,classical_fd,0.0216
16,0.0239,0.0473,1e-04,inflation,classical_fd,0.0214
17,0.0235,0.0469,3e-04,inflation,classical_fd,0.0206
18,0.0229,0.0464,4e-04,inflation,classical_fd,0.0194
19,0.0221,0.0458,6e-04,inflation,classical_fd,0.0179
20,0.0212,0.0445,-3e-04,inflation,classical_fd,0.0164
21,0.0199,0.0433,-7e-04,inflation,classical_fd,0.0148
22,0.0187,0.0417,-0.0016,inflation,classical_fd,0.0133
23,0.0173,0.0407,-0.0032,inflation,classical_fd,0.0118
24,0.0159,0.0391,-0.004,inflation,classical_fd,0.0104
25,0.0143,0.0385,-0.0051,inflation,classical_fd,0.009
26,0.0135,0.0372,-0.0062,inflation,classical_fd,0.0078
27,0.0126,0.0362,-0.0075,inflation,classical_fd,0.0066
28,0.0121,0.0356,-0.0085,inflation,classical_fd,0.0056
29,0.0109,0.0339,-0.01,inflation,classical_fd,0.0046
30,0.0098,0.0323,-0.0102,inflation,classical_fd,0.0037
31,0.0091,0.0309,-0.0114,inflation,classical_fd,0.0029
32,0.0082,0.0303,-0.0123,inflation,classical_fd,0.0021
33,0.0073,0.0292,-0.0127,inflation,classical_fd,0.0015
34,0.0062,0.0288,-0.0132,inflation,classical_fd,9e-04
35,0.0054,0.0276,-0.0139,inflation,classical_fd,3e-04
36,0.0047,0.0267,-0.0147,inflation,classical_fd,-1e-04
37,0.0042,0.0256,-0.0149,inflation,classical_fd,-5e-04
38,0.0038,0.0246,-0.0156,inflation,classical_fd,-9e-04
39,0.0034,0.0244,-0.0156,inflation,classical_fd,-0.0012
40,0.003,0.0239,-0.0157,inflation,classical_fd,-0.0014
1,-0.1914,-0.0739,-0.2844,productivity,classical_fd,-0.2211
2,-0.1376,-0.0192,-0.2474,productivity,classical_fd,-0.1555
3,-0.0202,0.1316,-0.1721,productivity,classical_fd,-0.0321
4,0.0896,0.2529,-0.0879,productivity,classical_fd,0.0782
5,0.1717,0.3364,-0.0139,productivity,classical_fd,0.1574
6,0.2224,0.3817,0.0381,productivity,classical_fd,0.2023
7,0.2378,0.3854,0.0646,productivity,classical_fd,0.2161
8,0.2294,0.3748,0.0735,productivity,classical_fd,0.2054
9,0.2014,0.3469,0.0569,productivity,classical_fd,0.1776
10,0.1696,0.3162,0.0212,productivity,classical_fd,0.1398
11,0.1327,0.2766,-0.0162,productivity,classical_fd,0.0976
12,0.095,0.2449,-0.0555,productivity,classical_fd,0.0553
13,0.0573,0.2167,-0.0953,productivity,classical_fd,0.0158
14,0.0261,0.191,-0.1286,productivity,classical_fd,-0.0192
15,-0.002,0.1642,-0.1561,productivity,classical_fd,-0.0491
16,-0.0281,0.1468,-0.1829,productivity,classical_fd,-0.0739
17,-0.0477,0.1333,-0.2058,productivity,classical_fd,-0.0938
18,-0.0606,0.1326,-0.2283,productivity,classical_fd,-0.1096
19,-0.0709,0.1308,-0.2449,productivity,classical_fd,-0.122
20,-0.0793,0.1322,-0.2616,productivity,classical_fd,-0.1315
21,-0.0829,0.1265,-0.2819,productivity,classical_fd,-0.1388
22,-0.0852,0.1327,-0.294,productivity,classical_fd,-0.1445
23,-0.0876,0.1364,-0.3136,productivity,classical_fd,-0.1489
24,-0.09,0.1437,-0.328,productivity,classical_fd,-0.1524
25,-0.0917,0.1455,-0.3376,productivity,classical_fd,-0.1553
26,-0.0925,0.1429,-0.3478,productivity,classical_fd,-0.1576
27,-0.0951,0.1431,-0.3587,productivity,classical_fd,-0.1596
28,-0.0967,0.1489,-0.3606,productivity,classical_fd,-0.1614
29,-0.0982,0.1538,-0.3643,productivity,classical_fd,-0.1629
30,-0.1004,0.1556,-0.3725,productivity,classical_fd,-0.1643
31,-0.1011,0.1621,-0.3769,productivity,classical_fd,-0.1656
32,-0.104,0.1625,-0.3787,productivity,classical_fd,-0.1668
33,-0.1065,0.1647,-0.3825,productivity,classical_fd,-0.1679
34,-0.1081,0.1692,-0.3869,productivity,classical_fd,-0.1689
35,-0.1085,0.1711,-0.393,productivity,classical_fd,-0.1699
36,-0.1128,0.1732,-0.3941,productivity,classical_fd,-0.1708
37,-0.1138,0.173,-0.3937,productivity,classical_fd,-0.1716
38,-0.115,0.1755,-0.396,productivity,classical_fd,-0.1723
39,-0.1179,0.1763,-0.4015,productivity,classical_fd,-0.1729
40,-0.1223,0.1773,-0.4089,productivity,classical_fd,-0.1734
1,0.1116,0.2358,-0.0388,TFP,classical_fd,0.1087
2,0.2036,0.3204,0.0589,TFP,classical_fd,0.2023
3,0.2378,0.3562,0.0872,TFP,classical_fd,0.2295
4,0.2245,0.3372,0.0847,TFP,classical_fd,0.2085
5,0.1783,0.2932,0.0506,TFP,classical_fd,0.1588
6,0.1302,0.2408,0.0068,TFP,classical_fd,0.1024
7,0.0792,0.2003,-0.0416,TFP,classical_fd,0.0502
8,0.0426,0.1702,-0.0806,TFP,classical_fd,0.0083
9,0.0177,0.1508,-0.1135,TFP,classical_fd,-0.0213
10,0.0024,0.14,-0.1373,TFP,classical_fd,-0.0394
11,-0.0027,0.1431,-0.1534,TFP,classical_fd,-0.0482
12,-7e-04,0.1536,-0.1624,TFP,classical_fd,-0.0502
13,0.0073,0.1668,-0.1668,TFP,classical_fd,-0.0481
14,0.0095,0.1813,-0.1717,TFP,classical_fd,-0.0439
15,0.0161,0.1956,-0.1732,TFP,classical_fd,-0.0393
16,0.022,0.2053,-0.1741,TFP,classical_fd,-0.0355
17,0.0287,0.2185,-0.1742,TFP,classical_fd,-0.033
18,0.0327,0.228,-0.1775,TFP,classical_fd,-0.0322
19,0.0345,0.2313,-0.181,TFP,classical_fd,-0.033
20,0.0323,0.2285,-0.1806,TFP,classical_fd,-0.0353
21,0.0315,0.2275,-0.1829,TFP,classical_fd,-0.0388
22,0.0286,0.2242,-0.1879,TFP,classical_fd,-0.0431
23,0.0247,0.2194,-0.1912,TFP,classical_fd,-0.0481
24,0.0209,0.2129,-0.1974,TFP,classical_fd,-0.0534
25,0.0149,0.2071,-0.1993,TFP,classical_fd,-0.0588
26,0.0064,0.2059,-0.2085,TFP,classical_fd,-0.0642
27,-0.0033,0.197,-0.2146,TFP,classical_fd,-0.0694
28,-0.0112,0.1936,-0.2148,TFP,classical_fd,-0.0744
29,-0.016,0.1844,-0.2232,TFP,classical_fd,-0.079
30,-0.0188,0.1813,-0.2303,TFP,classical_fd,-0.0832
31,-0.0215,0.1791,-0.2387,TFP,classical_fd,-0.087
32,-0.0295,0.1771,-0.244,TFP,classical_fd,-0.0905
33,-0.0333,0.1743,-0.2504,TFP,classical_fd,-0.0935
34,-0.0394,0.1743,-0.2525,TFP,classical_fd,-0.0962
35,-0.0428,0.1759,-0.2548,TFP,classical_fd,-0.0984
36,-0.0486,0.1725,-0.2589,TFP,classical_fd,-0.1003
37,-0.0485,0.1712,-0.2672,TFP,classical_fd,-0.1019
38,-0.0512,0.1693,-0.269,TFP,classical_fd,-0.1032
39,-0.055,0.1644,-0.2717,TFP,classical_fd,-0.1041
40,-0.0586,0.1614,-0.2757,TFP,classical_fd,-0.1048
