h,impulse,response,irf,model,version
1,Main,output,-0.475326182787218,classical_fd,Replication
1,Main,investment,-1.56734409817003,classical_fd,Replication
1,Main,consumption,-0.223058502701786,classical_fd,Replication
1,Main,hours_worked,-0.356899510874181,classical_fd,Replication
1,Main,unemployment,0.198053515971369,classical_fd,Replication
1,Main,labor_share,0.161149282915626,classical_fd,Replication
1,Main,interest,-0.0576635701195313,classical_fd,Replication
1,Main,inflation,-0.00386821975081066,classical_fd,Replication
1,Main,productivity,-0.21718658124683,classical_fd,Replication
1,Main,TFP,0.114698919287056,classical_fd,Replication
2,Main,output,-0.651624528130522,classical_fd,Replication
2,Main,investment,-2.31144032763843,classical_fd,Replication
2,Main,consumption,-0.307157489304775,classical_fd,Replication
2,Main,hours_worked,-0.529992723754347,classical_fd,Replication
2,Main,unemployment,0.329397872704641,classical_fd,Replication
2,Main,labor_share,0.124552199896765,classical_fd,Replication
2,Main,interest,-0.107319547339187,classical_fd,Replication
2,Main,inflation,-0.0174526304144456,classical_fd,Replication
2,Main,productivity,-0.152267542058196,classical_fd,Replication
2,Main,TFP,0.207153420081182,classical_fd,Replication
3,Main,output,-0.66641714652832,classical_fd,Replication
3,Main,investment,-2.33285466689747,classical_fd,Replication
3,Main,consumption,-0.330110782368681,classical_fd,Replication
3,Main,hours_worked,-0.579037911181417,classical_fd,Replication
3,Main,unemployment,0.382716051128114,classical_fd,Replication
3,Main,labor_share,0.0492600403329848,classical_fd,Replication
3,Main,interest,-0.124256024623062,classical_fd,Replication
3,Main,inflation,-0.0307539358622373,classical_fd,Replication
3,Main,productivity,-0.0274958980990136,classical_fd,Replication
3,Main,TFP,0.234329037352697,classical_fd,Replication
4,Main,output,-0.586664144207139,classical_fd,Replication
4,Main,investment,-1.94838972841338,classical_fd,Replication
4,Main,consumption,-0.319952847074676,classical_fd,Replication
4,Main,hours_worked,-0.531262939800976,classical_fd,Replication
4,Main,unemployment,0.376744957429315,classical_fd,Replication
4,Main,labor_share,-0.0401124477671487,classical_fd,Replication
4,Main,interest,-0.122084919995425,classical_fd,Replication
4,Main,inflation,-0.033742794127483,classical_fd,Replication
4,Main,productivity,0.0830315066014152,classical_fd,Replication
4,Main,TFP,0.21246989232535,classical_fd,Replication
5,Main,output,-0.463599640708234,classical_fd,Replication
5,Main,investment,-1.39428057255712,classical_fd,Replication
5,Main,consumption,-0.288268057626726,classical_fd,Replication
5,Main,hours_worked,-0.430634832137308,classical_fd,Replication
5,Main,unemployment,0.33368343996258,classical_fd,Replication
5,Main,labor_share,-0.118920675209325,classical_fd,Replication
5,Main,interest,-0.109586236562368,classical_fd,Replication
5,Main,inflation,-0.0325839413991608,classical_fd,Replication
5,Main,productivity,0.16193464788574,classical_fd,Replication
5,Main,TFP,0.162261663860467,classical_fd,Replication
6,Main,output,-0.330387310878068,classical_fd,Replication
6,Main,investment,-0.817867018526288,classical_fd,Replication
6,Main,consumption,-0.245279370967257,classical_fd,Replication
6,Main,hours_worked,-0.309753398375066,classical_fd,Replication
6,Main,unemployment,0.27180350612165,classical_fd,Replication
6,Main,labor_share,-0.176020737972306,classical_fd,Replication
6,Main,interest,-0.091403641836762,classical_fd,Replication
6,Main,inflation,-0.0268716811345745,classical_fd,Replication
6,Main,productivity,0.206316671378553,classical_fd,Replication
6,Main,TFP,0.105451260315219,classical_fd,Replication
7,Main,output,-0.208040591309603,classical_fd,Replication
7,Main,investment,-0.305568203796242,classical_fd,Replication
7,Main,consumption,-0.199218418109173,classical_fd,Replication
7,Main,hours_worked,-0.190915708660104,classical_fd,Replication
7,Main,unemployment,0.20488782818523,classical_fd,Replication
7,Main,labor_share,-0.208266918739455,classical_fd,Replication
7,Main,interest,-0.071253880595652,classical_fd,Replication
7,Main,inflation,-0.0188843758914248,classical_fd,Replication
7,Main,productivity,0.219412145000358,classical_fd,Replication
7,Main,TFP,0.0530716751373847,classical_fd,Replication
8,Main,output,-0.107636445963419,classical_fd,Replication
8,Main,investment,0.0998518356973204,classical_fd,Replication
8,Main,consumption,-0.15588428566462,classical_fd,Replication
8,Main,hours_worked,-0.0869732424168245,classical_fd,Replication
8,Main,unemployment,0.14189297159074,classical_fd,Replication
8,Main,labor_share,-0.218150794736602,classical_fd,Replication
8,Main,interest,-0.0515430999602337,classical_fd,Replication
8,Main,inflation,-0.00992744674579258,classical_fd,Replication
8,Main,productivity,0.208011059035904,classical_fd,Replication
8,Main,TFP,0.0112851814654461,classical_fd,Replication
9,Main,output,-0.0331607545204179,classical_fd,Replication
9,Main,investment,0.386843113688423,classical_fd,Replication
9,Main,consumption,-0.11882012813858,classical_fd,Replication
9,Main,hours_worked,-0.00397594299099245,classical_fd,Replication
9,Main,unemployment,0.0879815158264767,classical_fd,Replication
9,Main,labor_share,-0.210229552963263,classical_fd,Replication
9,Main,interest,-0.0337362210363435,classical_fd,Replication
9,Main,inflation,-0.00127793111736576,classical_fd,Replication
9,Main,productivity,0.179606544259026,classical_fd,Replication
9,Main,TFP,-0.0181774008786764,classical_fd,Replication
10,Main,output,0.0160741824147575,classical_fd,Replication
10,Main,investment,0.563012350850541,classical_fd,Replication
10,Main,consumption,-0.0896972411932767,classical_fd,Replication
10,Main,hours_worked,0.0568599049309237,classical_fd,Replication
10,Main,unemployment,0.0453460819695919,classical_fd,Replication
10,Main,labor_share,-0.190016009660964,classical_fd,Replication
10,Main,interest,-0.01856018941423,classical_fd,Replication
10,Main,inflation,0.0063214266668221,classical_fd,Replication
10,Main,productivity,0.141248040107628,classical_fd,Replication
10,Main,TFP,-0.0360809279693338,classical_fd,Replication
11,Main,output,0.0433981160234822,classical_fd,Replication
11,Main,investment,0.64621283519709,classical_fd,Replication
11,Main,consumption,-0.0687998604674097,classical_fd,Replication
11,Main,hours_worked,0.0972581512773375,classical_fd,Replication
11,Main,unemployment,0.0141605569247395,classical_fd,Replication
11,Main,labor_share,-0.162577017829252,classical_fd,Replication
11,Main,interest,-0.00623403416059852,classical_fd,Replication
11,Main,inflation,0.0124371702908836,classical_fd,Replication
11,Main,productivity,0.0986967601684133,classical_fd,Replication
11,Main,TFP,-0.044604975838764,classical_fd,Replication
12,Main,output,0.0533206378838213,classical_fd,Replication
12,Main,investment,0.658128645372276,classical_fd,Replication
12,Main,consumption,-0.0555042841130965,classical_fd,Replication
12,Main,hours_worked,0.120496363653889,classical_fd,Replication
12,Main,unemployment,-0.00665565354494163,classical_fd,Replication
12,Main,labor_share,-0.132162208807337,classical_fd,Replication
12,Main,interest,0.00335457618618449,classical_fd,Replication
12,Main,inflation,0.0169511794880571,classical_fd,Replication
12,Main,productivity,0.056239896239435,classical_fd,Replication
12,Main,TFP,-0.0464035203075776,classical_fd,Replication
13,Main,output,0.0505145346580679,classical_fd,Replication
13,Main,investment,0.620105476669166,classical_fd,Replication
13,Main,consumption,-0.0486793034163708,classical_fd,Replication
13,Main,hours_worked,0.130385897178804,classical_fd,Replication
13,Main,unemployment,-0.0188180752223111,classical_fd,Replication
13,Main,labor_share,-0.10192747774469,classical_fd,Replication
13,Main,interest,0.0105038622621116,classical_fd,Replication
13,Main,inflation,0.0199345759503432,classical_fd,Replication
13,Main,productivity,0.0167150460715618,classical_fd,Replication
13,Main,TFP,-0.0440581959313432,classical_fd,Replication
14,Main,output,0.0392166932306073,classical_fd,Replication
14,Main,investment,0.550800062309167,classical_fd,Replication
14,Main,consumption,-0.0469940133816508,classical_fd,Replication
14,Main,hours_worked,0.130628109179205,classical_fd,Replication
14,Main,unemployment,-0.0242434714140329,classical_fd,Replication
14,Main,labor_share,-0.0739990734363181,classical_fd,Replication
14,Main,interest,0.0155955259516823,classical_fd,Replication
14,Main,inflation,0.0215839095272117,classical_fd,Replication
14,Main,productivity,-0.0182615449722536,classical_fd,Replication
14,Main,TFP,-0.039746852412698,classical_fd,Replication
15,Main,output,0.0229257597947437,classical_fd,Replication
15,Main,investment,0.465137177445586,classical_fd,Replication
15,Main,consumption,-0.0491272770084494,classical_fd,Replication
15,Main,hours_worked,0.124448783977111,classical_fd,Replication
15,Main,unemployment,-0.0247663202012909,classical_fd,Replication
15,Main,labor_share,-0.0496027882380059,classical_fd,Replication
15,Main,interest,0.0190244426451746,classical_fd,Replication
15,Main,inflation,0.02214826161456,classical_fd,Replication
15,Main,productivity,-0.0480207975652519,classical_fd,Replication
15,Main,TFP,-0.0351163059106872,classical_fd,Replication
16,Main,output,0.00431673526739652,classical_fd,Replication
16,Main,investment,0.374156572285084,classical_fd,Replication
16,Main,consumption,-0.0538945355744794,classical_fd,Replication
16,Main,hours_worked,0.114444701678804,classical_fd,Replication
16,Main,unemployment,-0.0219822509460078,classical_fd,Replication
16,Main,labor_share,-0.0292680192696685,classical_fd,Replication
16,Main,interest,0.0211569241677514,classical_fd,Replication
16,Main,inflation,0.02188622991303,classical_fd,Replication
16,Main,productivity,-0.0725561920622184,classical_fd,Replication
16,Main,TFP,-0.0312721795696917,classical_fd,Replication
17,Main,output,-0.0147130313696659,classical_fd,Replication
17,Main,investment,0.285381895184727,classical_fd,Replication
17,Main,consumption,-0.0603091126926501,classical_fd,Replication
17,Main,hours_worked,0.102567286035839,classical_fd,Replication
17,Main,unemployment,-0.0171819381033903,classical_fd,Replication
17,Main,labor_share,-0.0130241114135058,classical_fd,Replication
17,Main,interest,0.0223092072835515,classical_fd,Replication
17,Main,inflation,0.0210348120228862,classical_fd,Replication
17,Main,productivity,-0.0922778305646023,classical_fd,Replication
17,Main,TFP,-0.0288457420813378,classical_fd,Replication
18,Main,output,-0.0329260480032203,classical_fd,Replication
18,Main,investment,0.203446303037905,classical_fd,Replication
18,Main,consumption,-0.0675977950424245,classical_fd,Replication
18,Main,hours_worked,0.0901881823682488,classical_fd,Replication
18,Main,unemployment,-0.0113464725387399,classical_fd,Replication
18,Main,labor_share,-0.000579264352808721,classical_fd,Replication
18,Main,interest,0.0227404378179615,classical_fd,Replication
18,Main,inflation,0.0197946539222954,classical_fd,Replication
18,Main,productivity,-0.107815574324884,classical_fd,Replication
18,Main,TFP,-0.0280931419783057,classical_fd,Replication
19,Main,output,-0.0496008856646041,classical_fd,Replication
19,Main,investment,0.130787111682636,classical_fd,Replication
19,Main,consumption,-0.0751874027301245,classical_fd,Replication
19,Main,hours_worked,0.078202877750403,classical_fd,Replication
19,Main,unemployment,-0.00517839605076208,classical_fd,Replication
19,Main,labor_share,0.00853759825195707,classical_fd,Replication
19,Main,interest,0.0226545173574636,classical_fd,Replication
19,Main,inflation,0.018324472075338,classical_fd,Replication
19,Main,productivity,-0.119876751606303,classical_fd,Replication
19,Main,TFP,-0.0290024904101499,classical_fd,Replication
20,Main,output,-0.0643906072485813,classical_fd,Replication
20,Main,investment,0.0682960271946597,classical_fd,Replication
20,Main,consumption,-0.0826759960185933,classical_fd,Replication
20,Main,hours_worked,0.0671436256556776,classical_fd,Replication
20,Main,unemployment,0.000850157307940017,classical_fd,Replication
20,Main,labor_share,0.0148710748671396,classical_fd,Replication
20,Main,interest,0.0222068515235313,classical_fd,Replication
20,Main,inflation,0.0167426973917314,classical_fd,Replication
20,Main,productivity,-0.129152061661779,classical_fd,Replication
20,Main,TFP,-0.0313911719155444,classical_fd,Replication
21,Main,output,-0.0771998035817295,classical_fd,Replication
21,Main,investment,0.0158650820312047,classical_fd,Replication
21,Main,consumption,-0.08979842060494,classical_fd,Replication
21,Main,hours_worked,0.0572837527752208,classical_fd,Replication
21,Main,unemployment,0.00644526799901421,classical_fd,Replication
21,Main,labor_share,0.0189680057669899,classical_fd,Replication
21,Main,interest,0.0215130362494758,classical_fd,Replication
21,Main,inflation,0.0151326887591687,classical_fd,Replication
21,Main,productivity,-0.136261172970174,classical_fd,Replication
21,Main,TFP,-0.0349855555472726,classical_fd,Replication
22,Main,output,-0.0880869846892582,classical_fd,Replication
22,Main,investment,-0.027192255401175,classical_fd,Replication
22,Main,consumption,-0.0963925592186932,classical_fd,Replication
22,Main,hours_worked,0.0487245069298273,classical_fd,Replication
22,Main,unemployment,0.0114427959463045,classical_fd,Replication
22,Main,labor_share,0.0213339487399473,classical_fd,Replication
22,Main,interest,0.0206576419402898,classical_fd,Replication
22,Main,inflation,0.0135496449310776,classical_fd,Replication
22,Main,productivity,-0.14172764903306,classical_fd,Replication
22,Main,TFP,-0.0394802997527843,classical_fd,Replication
23,Main,output,-0.0971930935971779,classical_fd,Replication
23,Main,investment,-0.0618409896842477,classical_fd,Replication
23,Main,consumption,-0.102369841736379,classical_fd,Replication
23,Main,hours_worked,0.0414615810082187,classical_fd,Replication
23,Main,unemployment,0.0157677418535429,classical_fd,Replication
23,Main,labor_share,0.0224108902057485,classical_fd,Replication
23,Main,interest,0.0197020277949881,classical_fd,Replication
23,Main,inflation,0.0120275846234859,classical_fd,Replication
23,Main,productivity,-0.14597387819915,classical_fd,Replication
23,Main,TFP,-0.0445784304907082,classical_fd,Replication
24,Main,output,-0.104693245681971,classical_fd,Replication
24,Main,investment,-0.0891281381668284,classical_fd,Replication
24,Main,consumption,-0.107691535993756,classical_fd,Replication
24,Main,hours_worked,0.0354323299583987,classical_fd,Replication
24,Main,unemployment,0.0194026936498373,classical_fd,Replication
24,Main,labor_share,0.0225695953504506,classical_fd,Replication
24,Main,interest,0.0186907260940833,classical_fd,Replication
24,Main,inflation,0.0105855876806629,classical_fd,Replication
24,Main,productivity,-0.149328101092126,classical_fd,Replication
24,Main,TFP,-0.0500151826514497,classical_fd,Replication
25,Main,output,-0.110767162446731,classical_fd,Replication
25,Main,investment,-0.110067171615544,classical_fd,Replication
25,Main,consumption,-0.112350969228169,classical_fd,Replication
25,Main,hours_worked,0.0305466941032868,classical_fd,Replication
25,Main,unemployment,0.0223649672387446,classical_fd,Replication
25,Main,labor_share,0.0221112445786554,classical_fd,Replication
25,Main,interest,0.0176563157969671,classical_fd,Replication
25,Main,inflation,0.00923285585250697,classical_fd,Replication
25,Main,productivity,-0.152037598287788,classical_fd,Replication
25,Main,TFP,-0.0555694104342462,classical_fd,Replication
26,Main,output,-0.115583389388549,classical_fd,Replication
26,Main,investment,-0.125580462417927,classical_fd,Replication
26,Main,consumption,-0.116361036520712,classical_fd,Replication
26,Main,hours_worked,0.0267056021961459,classical_fd,Replication
26,Main,unemployment,0.0246911329157756,classical_fd,Replication
26,Main,labor_share,0.0212741672188769,classical_fd,Replication
26,Main,interest,0.0166229345747476,classical_fd,Replication
26,Main,inflation,0.00797251669570128,classical_fd,Replication
26,Main,productivity,-0.154283894877781,classical_fd,Replication
26,Main,TFP,-0.061066290981069,classical_fd,Replication
27,Main,output,-0.119292819993373,classical_fd,Replication
27,Main,investment,-0.136479718951669,classical_fd,Replication
27,Main,consumption,-0.119745980602398,classical_fd,Replication
27,Main,hours_worked,0.0238105490493529,classical_fd,Replication
27,Main,unemployment,0.0264272791881311,classical_fd,Replication
27,Main,labor_share,0.020242755604936,classical_fd,Replication
27,Main,interest,0.0156086826543631,classical_fd,Replication
27,Main,inflation,0.00680426977007161,classical_fd,Replication
27,Main,productivity,-0.156197410989436,classical_fd,Replication
27,Main,TFP,-0.0663745601786287,classical_fd,Replication
28,Main,output,-0.12202786220336,classical_fd,Replication
28,Main,investment,-0.14346856604579,classical_fd,Replication
28,Main,consumption,-0.122536348847959,classical_fd,Replication
28,Main,hours_worked,0.0217675191956951,classical_fd,Replication
28,Main,unemployment,0.0276233844249006,classical_fd,Replication
28,Main,labor_share,0.0191566758690387,classical_fd,Replication
28,Main,interest,0.0146271978690177,classical_fd,Replication
28,Main,inflation,0.00572608248210619,classical_fd,Replication
28,Main,productivity,-0.157870183849818,classical_fd,Replication
28,Main,TFP,-0.0714008185039234,classical_fd,Replication
29,Main,output,-0.12390451911964,classical_fd,Replication
29,Main,investment,-0.147155826878869,classical_fd,Replication
29,Main,consumption,-0.124766129402592,classical_fd,Replication
29,Main,hours_worked,0.020487714034028,classical_fd,Replication
29,Main,unemployment,0.0283303910654766,classical_fd,Replication
29,Main,labor_share,0.0181193208280087,classical_fd,Replication
29,Main,interest,0.0136886577937092,classical_fd,Replication
29,Main,inflation,0.00473516916730503,classical_fd,Replication
29,Main,productivity,-0.159366139482642,classical_fd,Replication
29,Main,TFP,-0.0760827301659978,classical_fd,Replication
30,Main,output,-0.125025533264989,classical_fd,Replication
30,Main,investment,-0.148071998029825,classical_fd,Replication
30,Main,consumption,-0.126471252119705,classical_fd,Replication
30,Main,hours_worked,0.0198868165382579,classical_fd,Replication
30,Main,unemployment,0.0285988852496602,classical_fd,Replication
30,Main,labor_share,0.0172050303623508,classical_fd,Replication
30,Main,interest,0.0128004179895389,classical_fd,Replication
30,Main,inflation,0.00382847610958197,classical_fd,Replication
30,Main,productivity,-0.160728930793684,classical_fd,Replication
30,Main,TFP,-0.0803822979061203,classical_fd,Replication
31,Main,output,-0.125483476090462,classical_fd,Replication
31,Main,investment,-0.146684575955412,classical_fd,Replication
31,Main,consumption,-0.127688848785711,classical_fd,Replication
31,Main,hours_worked,0.0198838931819609,classical_fd,Replication
31,Main,unemployment,0.0284786006068035,classical_fd,Replication
31,Main,labor_share,0.0164649839896747,classical_fd,Replication
31,Main,interest,0.0119674412996062,classical_fd,Replication
31,Main,inflation,0.00300285843485599,classical_fd,Replication
31,Main,productivity,-0.161987655992767,classical_fd,Replication
31,Main,TFP,-0.0842798829201888,classical_fd,Replication
32,Main,output,-0.125363217803098,classical_fd,Replication
32,Main,investment,-0.143410209356725,classical_fd,Replication
32,Main,consumption,-0.128456862822512,classical_fd,Replication
32,Main,hours_worked,0.0204005337682253,classical_fd,Replication
32,Main,unemployment,0.0280182427355524,classical_fd,Replication
32,Main,labor_share,0.0159318834185225,classical_fd,Replication
32,Main,interest,0.0111926225745391,classical_fd,Replication
32,Main,inflation,0.00225509076966919,classical_fd,Replication
32,Main,productivity,-0.163160892591236,classical_fd,Replication
32,Main,TFP,-0.0877692628620867,classical_fd,Replication
33,Main,output,-0.124743592653803,classical_fd,Replication
33,Main,investment,-0.138623185731462,classical_fd,Replication
33,Main,consumption,-0.128813761005729,classical_fd,Replication
33,Main,hours_worked,0.021360473649958,classical_fd,Replication
33,Main,unemployment,0.0272653505168668,classical_fd,Replication
33,Main,labor_share,0.0156236392911102,classical_fd,Replication
33,Main,interest,0.0104770713723129,classical_fd,Replication
33,Main,inflation,0.00158180983393507,classical_fd,Replication
33,Main,productivity,-0.164259490536109,classical_fd,Replication
33,Main,TFP,-0.090853770922613,classical_fd,Replication
34,Main,output,-0.123698306833975,classical_fd,Replication
34,Main,investment,-0.132660652122824,classical_fd,Replication
34,Main,consumption,-0.128798221733618,classical_fd,Replication
34,Main,hours_worked,0.0226897151143051,classical_fd,Replication
34,Main,unemployment,0.0262660678092284,classical_fd,Replication
34,Main,labor_share,0.0155462952364509,classical_fd,Replication
34,Main,interest,0.00982038398557783,classical_fd,Replication
34,Main,inflation,0.000979449862278211,classical_fd,Replication
34,Main,productivity,-0.165288512236867,classical_fd,Replication
34,Main,TFP,-0.0935434124114144,classical_fd,Replication
35,Main,output,-0.122296254178192,classical_fd,Replication
35,Main,investment,-0.125825384107273,classical_fd,Replication
35,Main,consumption,-0.12844875732582,classical_fd,Replication
35,Main,hours_worked,0.0243170400700121,classical_fd,Replication
35,Main,unemployment,0.0250648004373378,classical_fd,Replication
35,Main,labor_share,0.0156963975631323,classical_fd,Replication
35,Main,interest,0.00922091516802583,classical_fd,Replication
35,Main,inflation,0.000444202761438416,classical_fd,Replication
35,Main,productivity,-0.166248623803984,classical_fd,Replication
35,Main,TFP,-0.0958527862123411,classical_fd,Replication
36,Main,output,-0.120601443187193,classical_fd,Replication
36,Main,investment,-0.118387009373569,classical_fd,Replication
36,Main,consumption,-0.127803277665609,classical_fd,Replication
36,Main,hours_worked,0.0261747565540419,classical_fd,Replication
36,Main,unemployment,0.0237037895985786,classical_fd,Replication
36,Main,labor_share,0.0160629742048117,classical_fd,Replication
36,Main,interest,0.00867604756475257,classical_fd,Replication
36,Main,inflation,-2.79854423941619e-05,classical_fd,Replication
36,Main,productivity,-0.167137154574139,classical_fd,Replication
36,Main,TFP,-0.0977996219676997,classical_fd,Replication
37,Main,output,-0.118672727487966,classical_fd,Replication
37,Main,investment,-0.110582493818872,classical_fd,Replication
37,Main,consumption,-0.126898626989193,classical_fd,Replication
37,Main,hours_worked,0.0281995209330561,classical_fd,Replication
37,Main,unemployment,0.0222226561285957,classical_fd,Replication
37,Main,labor_share,0.0166292380584473,classical_fd,Replication
37,Main,interest,0.00818245101414188,classical_fd,Replication
37,Main,inflation,-0.000441383131948029,classical_fd,Replication
37,Main,productivity,-0.167948964892168,classical_fd,Replication
37,Main,TFP,-0.0994037590376488,classical_fd,Replication
38,Main,output,-0.116563494331094,classical_fd,Replication
38,Main,investment,-0.102616508338974,classical_fd,Replication
38,Main,consumption,-0.125770132572836,classical_fd,Replication
38,Main,hours_worked,0.0303331046545243,classical_fd,Replication
38,Main,unemployment,0.0206579718438225,classical_fd,Replication
38,Main,labor_share,0.0173740868400154,classical_fd,Replication
38,Main,interest,0.00773632251647991,classical_fd,Replication
38,Main,inflation,-0.000800414690089214,classical_fd,Replication
38,Main,productivity,-0.168677201495145,classical_fd,Replication
38,Main,TFP,-0.100686424211975,classical_fd,Replication
39,Main,output,-0.114321418965777,classical_fd,Replication
39,Main,investment,-0.0946620818432081,classical_fd,Replication
39,Main,consumption,-0.124451200258319,classical_fd,Replication
39,Main,hours_worked,0.0325230130945127,classical_fd,Replication
39,Main,unemployment,0.0190429037752324,classical_fd,Replication
39,Main,labor_share,0.0182734383501529,classical_fd,Replication
39,Main,interest,0.00733359897256275,classical_fd,Replication
39,Main,inflation,-0.00110958576321668,classical_fd,Replication
39,Main,productivity,-0.169313976994775,classical_fd,Replication
39,Main,TFP,-0.10166970077646,classical_fd,Replication
40,Main,output,-0.111988347538229,classical_fd,Replication
40,Main,investment,-0.0868617522047836,classical_fd,Replication
40,Main,consumption,-0.122972982502294,classical_fd,Replication
40,Main,hours_worked,0.0347229037850415,classical_fd,Replication
40,Main,unemployment,0.0174069614937611,classical_fd,Replication
40,Main,labor_share,0.0193014174900456,classical_fd,Replication
40,Main,interest,0.00697013740195953,classical_fd,Replication
40,Main,inflation,-0.00137340254833619,classical_fd,Replication
40,Main,productivity,-0.169850983120371,classical_fd,Replication
40,Main,TFP,-0.102376115002881,classical_fd,Replication
1,Main,output,-0.479022703839807,classical_fd,Original BCA
2,Main,output,-0.655471772134727,classical_fd,Original BCA
3,Main,output,-0.673116157677471,classical_fd,Original BCA
4,Main,output,-0.595568715629414,classical_fd,Original BCA
5,Main,output,-0.474257570947953,classical_fd,Original BCA
6,Main,output,-0.342128769533606,classical_fd,Original BCA
7,Main,output,-0.220258033887869,classical_fd,Original BCA
8,Main,output,-0.119815172697827,classical_fd,Original BCA
9,Main,output,-0.0449201635743348,classical_fd,Original BCA
10,Main,output,0.00498547335491287,classical_fd,Original BCA
11,Main,output,0.0331156992632864,classical_fd,Original BCA
12,Main,output,0.0438893650578741,classical_fd,Original BCA
13,Main,output,0.0419131829559545,classical_fd,Original BCA
14,Main,output,0.031381373898431,classical_fd,Original BCA
15,Main,output,0.0157687760580408,classical_fd,Original BCA
16,Main,output,-0.00225904371649851,classical_fd,Original BCA
17,Main,output,-0.0208043393117077,classical_fd,Original BCA
18,Main,output,-0.0386231019319379,classical_fd,Original BCA
19,Main,output,-0.054984182190062,classical_fd,Original BCA
20,Main,output,-0.069529759209124,classical_fd,Original BCA
21,Main,output,-0.0821536986993266,classical_fd,Original BCA
22,Main,output,-0.0929046863444178,classical_fd,Original BCA
23,Main,output,-0.101915074284495,classical_fd,Original BCA
24,Main,output,-0.109352682723336,classical_fd,Original BCA
25,Main,output,-0.115391141274141,classical_fd,Original BCA
26,Main,output,-0.120193941664782,classical_fd,Original BCA
27,Main,output,-0.123907778790644,classical_fd,Original BCA
28,Main,output,-0.126661548028477,classical_fd,Original BCA
29,Main,output,-0.128568285589707,classical_fd,Original BCA
30,Main,output,-0.129728204946326,classical_fd,Original BCA
31,Main,output,-0.13023170820219,classical_fd,Original BCA
32,Main,output,-0.13016180153063,classical_fd,Original BCA
33,Main,output,-0.129595723080548,classical_fd,Original BCA
34,Main,output,-0.128605824355117,classical_fd,Original BCA
35,Main,output,-0.127259865390316,classical_fd,Original BCA
36,Main,output,-0.125620923832858,classical_fd,Original BCA
37,Main,output,-0.123747107962808,classical_fd,Original BCA
38,Main,output,-0.121691227268084,classical_fd,Original BCA
39,Main,output,-0.119500528187341,classical_fd,Original BCA
40,Main,output,-0.11721655792021,classical_fd,Original BCA
1,Main,investment,-1.5805509112566,classical_fd,Original BCA
2,Main,investment,-2.32223566202578,classical_fd,Original BCA
3,Main,investment,-2.35409906996496,classical_fd,Original BCA
4,Main,investment,-1.97748667566868,classical_fd,Original BCA
5,Main,investment,-1.42902127513678,classical_fd,Original BCA
6,Main,investment,-0.855419903091662,classical_fd,Original BCA
7,Main,investment,-0.343405007777147,classical_fd,Original BCA
8,Main,investment,0.0637213857611423,classical_fd,Original BCA
9,Main,investment,0.353801422991421,classical_fd,Original BCA
10,Main,investment,0.533863487057589,classical_fd,Original BCA
11,Main,investment,0.62127592674613,classical_fd,Original BCA
12,Main,investment,0.637356600393073,classical_fd,Original BCA
13,Main,investment,0.603201045813998,classical_fd,Original BCA
14,Main,investment,0.537318147074575,classical_fd,Original BCA
15,Main,investment,0.454565153146747,classical_fd,Original BCA
16,Main,investment,0.365972628434555,classical_fd,Original BCA
17,Main,investment,0.279093103489237,classical_fd,Original BCA
18,Main,investment,0.198610399928659,classical_fd,Original BCA
19,Main,investment,0.127022062335953,classical_fd,Original BCA
20,Main,investment,0.0652813026349331,classical_fd,Original BCA
21,Main,investment,0.0133378554709386,classical_fd,Original BCA
22,Main,investment,-0.0294435332388424,classical_fd,Original BCA
23,Main,investment,-0.0639839392486172,classical_fd,Original BCA
24,Main,investment,-0.0912936547792661,classical_fd,Original BCA
25,Main,investment,-0.112355906956309,classical_fd,Original BCA
26,Main,investment,-0.128068348870473,classical_fd,Original BCA
27,Main,investment,-0.139222520559616,classical_fd,Original BCA
28,Main,investment,-0.146505559470294,classical_fd,Original BCA
29,Main,investment,-0.150512765979357,classical_fd,Original BCA
30,Main,investment,-0.151763521000784,classical_fd,Original BCA
31,Main,investment,-0.150716194512255,classical_fd,Original BCA
32,Main,investment,-0.147779989495461,classical_fd,Original BCA
33,Main,investment,-0.143323198457397,classical_fd,Original BCA
34,Main,investment,-0.13767824547058,classical_fd,Original BCA
35,Main,investment,-0.131144307036438,classical_fd,Original BCA
36,Main,investment,-0.123988404019179,classical_fd,Original BCA
37,Main,investment,-0.116445764279624,classical_fd,Original BCA
38,Main,investment,-0.108720070363296,classical_fd,Original BCA
39,Main,investment,-0.100983996999209,classical_fd,Original BCA
40,Main,investment,-0.0933802511249358,classical_fd,Original BCA
1,Main,consumption,-0.223830155864779,classical_fd,Original BCA
2,Main,consumption,-0.309839719938502,classical_fd,Original BCA
3,Main,consumption,-0.333767692491119,classical_fd,Original BCA
4,Main,consumption,-0.324653183096697,classical_fd,Original BCA
5,Main,consumption,-0.293875064939619,classical_fd,Original BCA
6,Main,consumption,-0.251625119960634,classical_fd,Original BCA
7,Main,consumption,-0.206091056046585,classical_fd,Original BCA
8,Main,consumption,-0.163070165191526,classical_fd,Original BCA
9,Main,consumption,-0.126127146405455,classical_fd,Original BCA
10,Main,consumption,-0.0969690842350432,classical_fd,Original BCA
11,Main,consumption,-0.0759200976420943,classical_fd,Original BCA
12,Main,consumption,-0.0623950532176815,classical_fd,Original BCA
13,Main,consumption,-0.0552960830879679,classical_fd,Original BCA
14,Main,consumption,-0.0533190315752509,classical_fd,Original BCA
15,Main,consumption,-0.055162628897764,classical_fd,Original BCA
16,Main,consumption,-0.0596559852689522,classical_fd,Original BCA
17,Main,consumption,-0.0658209279645981,classical_fd,Original BCA
18,Main,consumption,-0.0728887665388432,classical_fd,Original BCA
19,Main,consumption,-0.0802879677122065,classical_fd,Original BCA
20,Main,consumption,-0.0876163074724753,classical_fd,Original BCA
21,Main,consumption,-0.0946071560701622,classical_fd,Original BCA
22,Main,consumption,-0.101096271479918,classical_fd,Original BCA
23,Main,consumption,-0.106992677879741,classical_fd,Original BCA
24,Main,consumption,-0.112255188108195,classical_fd,Original BCA
25,Main,consumption,-0.116874756383034,classical_fd,Original BCA
26,Main,consumption,-0.120862050375428,classical_fd,Original BCA
27,Main,consumption,-0.124239252935412,classical_fd,Original BCA
28,Main,consumption,-0.12703501836852,classical_fd,Original BCA
29,Main,consumption,-0.129281597918914,classical_fd,Original BCA
30,Main,consumption,-0.131013327767084,classical_fd,Original BCA
31,Main,consumption,-0.132265877881793,classical_fd,Original BCA
32,Main,consumption,-0.133075853281863,classical_fd,Original BCA
33,Main,consumption,-0.133480500132149,classical_fd,Original BCA
34,Main,consumption,-0.13351739038379,classical_fd,Original BCA
35,Main,consumption,-0.133224041413788,classical_fd,Original BCA
36,Main,consumption,-0.132637477058451,classical_fd,Original BCA
37,Main,consumption,-0.131793761175044,classical_fd,Original BCA
38,Main,consumption,-0.13072754210047,classical_fd,Original BCA
39,Main,consumption,-0.129471642824971,classical_fd,Original BCA
40,Main,consumption,-0.128056722643612,classical_fd,Original BCA
1,Main,hours_worked,-0.355818092099126,classical_fd,Original BCA
2,Main,hours_worked,-0.530628473716584,classical_fd,Original BCA
3,Main,hours_worked,-0.582146826725175,classical_fd,Original BCA
4,Main,hours_worked,-0.536696387123754,classical_fd,Original BCA
5,Main,hours_worked,-0.437985999095142,classical_fd,Original BCA
6,Main,hours_worked,-0.318386967004125,classical_fd,Original BCA
7,Main,hours_worked,-0.200224588524775,classical_fd,Original BCA
8,Main,hours_worked,-0.0964150122828535,classical_fd,Original BCA
9,Main,hours_worked,-0.0131288129230319,classical_fd,Original BCA
10,Main,hours_worked,0.0482966471963332,classical_fd,Original BCA
11,Main,hours_worked,0.0894704515355053,classical_fd,Original BCA
12,Main,hours_worked,0.113575629599045,classical_fd,Original BCA
13,Main,hours_worked,0.124350532394189,classical_fd,Original BCA
14,Main,hours_worked,0.12544522845373,classical_fd,Original BCA
15,Main,hours_worked,0.120052676450538,classical_fd,Original BCA
16,Main,hours_worked,0.110751652656081,classical_fd,Original BCA
17,Main,hours_worked,0.0994864330134032,classical_fd,Original BCA
18,Main,hours_worked,0.0876289358124596,classical_fd,Original BCA
19,Main,hours_worked,0.0760795103948401,classical_fd,Original BCA
20,Main,hours_worked,0.0653777587725751,classical_fd,Original BCA
21,Main,hours_worked,0.0558053758679694,classical_fd,Original BCA
22,Main,hours_worked,0.0474720685623212,classical_fd,Original BCA
23,Main,hours_worked,0.0403815512262391,classical_fd,Original BCA
24,Main,hours_worked,0.034478515075329,classical_fd,Original BCA
25,Main,hours_worked,0.0296794804981879,classical_fd,Original BCA
26,Main,hours_worked,0.0258912283051531,classical_fd,Original BCA
27,Main,hours_worked,0.0230204501470078,classical_fd,Original BCA
28,Main,hours_worked,0.0209777556648561,classical_fd,Original BCA
29,Main,hours_worked,0.0196784752894675,classical_fd,Original BCA
30,Main,hours_worked,0.0190419851897646,classical_fd,Original BCA
31,Main,hours_worked,0.018990653199718,classical_fd,Original BCA
32,Main,hours_worked,0.019449009237695,classical_fd,Original BCA
33,Main,hours_worked,0.0203433889124282,classical_fd,Original BCA
34,Main,hours_worked,0.0216020712836932,classical_fd,Original BCA
35,Main,hours_worked,0.0231558063328268,classical_fd,Original BCA
36,Main,hours_worked,0.0249385770101834,classical_fd,Original BCA
37,Main,hours_worked,0.0268884390298769,classical_fd,Original BCA
38,Main,hours_worked,0.0289483076817335,classical_fd,Original BCA
39,Main,hours_worked,0.0310665989853516,classical_fd,Original BCA
40,Main,hours_worked,0.0331976718542042,classical_fd,Original BCA
1,Main,unemployment,0.198435725641575,classical_fd,Original BCA
2,Main,unemployment,0.33011722613991,classical_fd,Original BCA
3,Main,unemployment,0.384483060477829,classical_fd,Original BCA
4,Main,unemployment,0.37964381125357,classical_fd,Original BCA
5,Main,unemployment,0.337608771901055,classical_fd,Original BCA
6,Main,unemployment,0.276481690506327,classical_fd,Original BCA
7,Main,unemployment,0.210018875490217,classical_fd,Original BCA
8,Main,unemployment,0.147181145645026,classical_fd,Original BCA
9,Main,unemployment,0.0931777754364696,classical_fd,Original BCA
10,Main,unemployment,0.0502575926711827,classical_fd,Original BCA
11,Main,unemployment,0.0186547441488917,classical_fd,Original BCA
12,Main,unemployment,-0.00265745176073754,classical_fd,Original BCA
13,Main,unemployment,-0.0153495856870796,classical_fd,Original BCA
14,Main,unemployment,-0.0213042890849799,classical_fd,Original BCA
15,Main,unemployment,-0.0223320117342397,classical_fd,Original BCA
16,Main,unemployment,-0.0200131729180142,classical_fd,Original BCA
17,Main,unemployment,-0.0156302070857734,classical_fd,Original BCA
18,Main,unemployment,-0.0101611421903584,classical_fd,Original BCA
19,Main,unemployment,-0.00430900489694734,classical_fd,Original BCA
20,Main,unemployment,0.00145135095496872,classical_fd,Original BCA
21,Main,unemployment,0.00682204855548476,classical_fd,Original BCA
22,Main,unemployment,0.0116344513238797,classical_fd,Original BCA
23,Main,unemployment,0.0158089791493631,classical_fd,Original BCA
24,Main,unemployment,0.0193238226744436,classical_fd,Original BCA
25,Main,unemployment,0.0221922209237075,classical_fd,Original BCA
26,Main,unemployment,0.0244470394699135,classical_fd,Original BCA
27,Main,unemployment,0.026131036503251,classical_fd,Original BCA
28,Main,unemployment,0.0272912120160773,classical_fd,Original BCA
29,Main,unemployment,0.0279758507564343,classical_fd,Original BCA
30,Main,unemployment,0.0282331707378766,classical_fd,Original BCA
31,Main,unemployment,0.0281108001176478,classical_fd,Original BCA
32,Main,unemployment,0.0276555799496311,classical_fd,Original BCA
33,Main,unemployment,0.0269134082465378,classical_fd,Original BCA
34,Main,unemployment,0.0259289974907509,classical_fd,Original BCA
35,Main,unemployment,0.0247455190268932,classical_fd,Original BCA
36,Main,unemployment,0.023404164253542,classical_fd,Original BCA
37,Main,unemployment,0.0219436762567126,classical_fd,Original BCA
38,Main,unemployment,0.0203999077154393,classical_fd,Original BCA
39,Main,unemployment,0.0188054508478363,classical_fd,Original BCA
40,Main,unemployment,0.0171893697940757,classical_fd,Original BCA
1,Main,labor_share,0.167501135559278,classical_fd,Original BCA
2,Main,labor_share,0.128041574612028,classical_fd,Original BCA
3,Main,labor_share,0.0529323730512192,classical_fd,Original BCA
4,Main,labor_share,-0.0370601289771658,classical_fd,Original BCA
5,Main,labor_share,-0.116586071874464,classical_fd,Original BCA
6,Main,labor_share,-0.174651968434235,classical_fd,Original BCA
7,Main,labor_share,-0.207905876456585,classical_fd,Original BCA
8,Main,labor_share,-0.218786179056773,classical_fd,Original BCA
9,Main,labor_share,-0.211747326345277,classical_fd,Original BCA
10,Main,labor_share,-0.192264692916732,classical_fd,Original BCA
11,Main,labor_share,-0.165375493293733,classical_fd,Original BCA
12,Main,labor_share,-0.135329712190982,classical_fd,Original BCA
13,Main,labor_share,-0.105294794194339,classical_fd,Original BCA
14,Main,labor_share,-0.0774199551769997,classical_fd,Original BCA
15,Main,labor_share,-0.0529577567621812,classical_fd,Original BCA
16,Main,labor_share,-0.0324657106492367,classical_fd,Original BCA
17,Main,labor_share,-0.0159995067849177,classical_fd,Original BCA
18,Main,labor_share,-0.00329065969127506,classical_fd,Original BCA
19,Main,labor_share,0.00611245389685858,classical_fd,Original BCA
20,Main,labor_share,0.0127389204262266,classical_fd,Original BCA
21,Main,labor_share,0.0171237920749991,classical_fd,Original BCA
22,Main,labor_share,0.0197641013566295,classical_fd,Original BCA
23,Main,labor_share,0.0210960420317839,classical_fd,Original BCA
24,Main,labor_share,0.0214867788808237,classical_fd,Original BCA
25,Main,labor_share,0.0212355934474127,classical_fd,Original BCA
26,Main,labor_share,0.0205801956028546,classical_fd,Original BCA
27,Main,labor_share,0.0197052927511315,classical_fd,Original BCA
28,Main,labor_share,0.0187515278233444,classical_fd,Original BCA
29,Main,labor_share,0.0178237222241311,classical_fd,Original BCA
30,Main,labor_share,0.0169979373138241,classical_fd,Original BCA
31,Main,labor_share,0.0163272479355973,classical_fd,Original BCA
32,Main,labor_share,0.0158463359582762,classical_fd,Original BCA
33,Main,labor_share,0.015575110266228,classical_fd,Original BCA
34,Main,labor_share,0.0155215804747404,classical_fd,Original BCA
35,Main,labor_share,0.0156841885637305,classical_fd,Original BCA
36,Main,labor_share,0.0160537592206002,classical_fd,Original BCA
37,Main,labor_share,0.0166151821548489,classical_fd,Original BCA
38,Main,labor_share,0.0173488972455558,classical_fd,Original BCA
39,Main,labor_share,0.0182322205134719,classical_fd,Original BCA
40,Main,labor_share,0.0192405265438826,classical_fd,Original BCA
1,Main,interest,-0.0560213454412518,classical_fd,Original BCA
2,Main,interest,-0.105538916772441,classical_fd,Original BCA
3,Main,interest,-0.122934652941078,classical_fd,Original BCA
4,Main,interest,-0.12123391155429,classical_fd,Original BCA
5,Main,interest,-0.109189605207086,classical_fd,Original BCA
6,Main,interest,-0.0913790671024468,classical_fd,Original BCA
7,Main,interest,-0.0715208718978193,classical_fd,Original BCA
8,Main,interest,-0.0520193645539557,classical_fd,Original BCA
9,Main,interest,-0.0343501927578016,classical_fd,Original BCA
10,Main,interest,-0.0192526099851969,classical_fd,Original BCA
11,Main,interest,-0.00695951224250057,classical_fd,Original BCA
12,Main,interest,0.00262882393552965,classical_fd,Original BCA
13,Main,interest,0.00979970232018637,classical_fd,Original BCA
14,Main,interest,0.0149261788926115,classical_fd,Original BCA
15,Main,interest,0.0183966180067278,classical_fd,Original BCA
16,Main,interest,0.0205727535483428,classical_fd,Original BCA
17,Main,interest,0.0217678040213306,classical_fd,Original BCA
18,Main,interest,0.0222390985656099,classical_fd,Original BCA
19,Main,interest,0.0221895825366234,classical_fd,Original BCA
20,Main,interest,0.0217742882425047,classical_fd,Original BCA
21,Main,interest,0.0211088044242576,classical_fd,Original BCA
22,Main,interest,0.0202779052313647,classical_fd,Original BCA
23,Main,interest,0.0193432594966752,classical_fd,Original BCA
24,Main,interest,0.0183497496297962,classical_fd,Original BCA
25,Main,interest,0.0173303079244137,classical_fd,Original BCA
26,Main,interest,0.0163094100763781,classical_fd,Original BCA
27,Main,interest,0.015305471782049,classical_fd,Original BCA
28,Main,interest,0.0143324225550518,classical_fd,Original BCA
29,Main,interest,0.0134007091710987,classical_fd,Original BCA
30,Main,interest,0.0125179357727579,classical_fd,Original BCA
31,Main,interest,0.0116892946101556,classical_fd,Original BCA
32,Main,interest,0.0109178915044608,classical_fd,Original BCA
33,Main,interest,0.0102050286630573,classical_fd,Original BCA
34,Main,interest,0.00955047645238017,classical_fd,Original BCA
35,Main,interest,0.00895274478292831,classical_fd,Original BCA
36,Main,interest,0.00840935234862882,classical_fd,Original BCA
37,Main,interest,0.00791708604619248,classical_fd,Original BCA
38,Main,interest,0.00747224144464075,classical_fd,Original BCA
39,Main,interest,0.00707083641224164,classical_fd,Original BCA
40,Main,interest,0.00670879256298737,classical_fd,Original BCA
1,Main,inflation,-0.00344608758953386,classical_fd,Original BCA
2,Main,inflation,-0.0167708265245569,classical_fd,Original BCA
3,Main,inflation,-0.030361694213321,classical_fd,Original BCA
4,Main,inflation,-0.0333925656077721,classical_fd,Original BCA
5,Main,inflation,-0.0324758967237647,classical_fd,Original BCA
6,Main,inflation,-0.0269476617892933,classical_fd,Original BCA
7,Main,inflation,-0.0191501893874885,classical_fd,Original BCA
8,Main,inflation,-0.0103370645571767,classical_fd,Original BCA
9,Main,inflation,-0.0017952172331381,classical_fd,Original BCA
10,Main,inflation,0.00573803469065889,classical_fd,Original BCA
11,Main,inflation,0.0118211659330585,classical_fd,Original BCA
12,Main,inflation,0.0163304282515018,classical_fd,Original BCA
13,Main,inflation,0.0193290945935907,classical_fd,Original BCA
14,Main,inflation,0.0210073685920155,classical_fd,Original BCA
15,Main,inflation,0.0216087003828018,classical_fd,Original BCA
16,Main,inflation,0.0213875014361716,classical_fd,Original BCA
17,Main,inflation,0.020577706698279,classical_fd,Original BCA
18,Main,inflation,0.0193779693047391,classical_fd,Original BCA
19,Main,inflation,0.0179458085997707,classical_fd,Original BCA
20,Main,inflation,0.0163990600199649,classical_fd,Original BCA
21,Main,inflation,0.0148208852567283,classical_fd,Original BCA
22,Main,inflation,0.0132665359501966,classical_fd,Original BCA
23,Main,inflation,0.0117702185553986,classical_fd,Original BCA
24,Main,inflation,0.010351260054849,classical_fd,Original BCA
25,Main,inflation,0.00901912114341338,classical_fd,Original BCA
26,Main,inflation,0.00777717502191331,classical_fd,Original BCA
27,Main,inflation,0.00662534289917863,classical_fd,Original BCA
28,Main,inflation,0.00556178824170026,classical_fd,Original BCA
29,Main,inflation,0.00458389883075868,classical_fd,Original BCA
30,Main,inflation,0.00368877649129025,classical_fd,Original BCA
31,Main,inflation,0.00287341861320161,classical_fd,Original BCA
32,Main,inflation,0.0021347324807734,classical_fd,Original BCA
33,Main,inflation,0.00146948027585861,classical_fd,Original BCA
34,Main,inflation,0.000874215725446241,classical_fd,Original BCA
35,Main,inflation,0.000345244556625983,classical_fd,Original BCA
36,Main,inflation,-0.000121379369030328,classical_fd,Original BCA
37,Main,inflation,-0.000529823208481904,classical_fd,Original BCA
38,Main,inflation,-0.000884417423889923,classical_fd,Original BCA
39,Main,inflation,-0.00118958164409105,classical_fd,Original BCA
40,Main,inflation,-0.00144974435364585,classical_fd,Original BCA
1,Main,productivity,-0.221126349217624,classical_fd,Original BCA
2,Main,productivity,-0.155546280315744,classical_fd,Original BCA
3,Main,productivity,-0.0321020076885084,classical_fd,Original BCA
4,Main,productivity,0.0782455796102074,classical_fd,Original BCA
5,Main,productivity,0.157372042112882,classical_fd,Original BCA
6,Main,productivity,0.202323681616512,classical_fd,Original BCA
7,Main,productivity,0.216113712065172,classical_fd,Original BCA
8,Main,productivity,0.205422881833274,classical_fd,Original BCA
9,Main,productivity,0.177644248937633,classical_fd,Original BCA
10,Main,productivity,0.139779206644339,classical_fd,Original BCA
11,Main,productivity,0.0975654922822367,classical_fd,Original BCA
12,Main,productivity,0.0552929645302764,classical_fd,Original BCA
13,Main,productivity,0.0158154333330169,classical_fd,Original BCA
14,Main,productivity,-0.019225891016917,classical_fd,Original BCA
15,Main,productivity,-0.0491344865581338,classical_fd,Original BCA
16,Main,productivity,-0.0738771350686478,classical_fd,Original BCA
17,Main,productivity,-0.0938404079973099,classical_fd,Original BCA
18,Main,productivity,-0.109634786159752,classical_fd,Original BCA
19,Main,productivity,-0.12195266244476,classical_fd,Original BCA
20,Main,productivity,-0.131473950385941,classical_fd,Original BCA
21,Main,productivity,-0.138811124579816,classical_fd,Original BCA
22,Main,productivity,-0.144483461257519,classical_fd,Original BCA
23,Main,productivity,-0.148911291134821,classical_fd,Original BCA
24,Main,productivity,-0.152422418135182,classical_fd,Original BCA
25,Main,productivity,-0.155264802304416,classical_fd,Original BCA
26,Main,productivity,-0.157621368617706,classical_fd,Original BCA
27,Main,productivity,-0.159624363187111,classical_fd,Original BCA
28,Main,productivity,-0.161367866119452,classical_fd,Original BCA
29,Main,productivity,-0.162917920944468,classical_fd,Original BCA
30,Main,productivity,-0.164320279874347,classical_fd,Original BCA
31,Main,productivity,-0.165606064092794,classical_fd,Original BCA
32,Main,productivity,-0.166795762768837,classical_fd,Original BCA
33,Main,productivity,-0.167902006012915,classical_fd,Original BCA
34,Main,productivity,-0.168931493895544,classical_fd,Original BCA
35,Main,productivity,-0.16988638232503,classical_fd,Original BCA
36,Main,productivity,-0.17076534083132,classical_fd,Original BCA
37,Main,productivity,-0.17156442116673,classical_fd,Original BCA
38,Main,productivity,-0.172277815565166,classical_fd,Original BCA
39,Main,productivity,-0.172898540918394,classical_fd,Original BCA
40,Main,productivity,-0.173419058376937,classical_fd,Original BCA
1,Main,TFP,0.108697656012308,classical_fd,Original BCA
2,Main,TFP,0.20227039573955,classical_fd,Original BCA
3,Main,TFP,0.229531055370936,classical_fd,Original BCA
4,Main,TFP,0.208497157629908,classical_fd,Original BCA
5,Main,TFP,0.158813527549178,classical_fd,Original BCA
6,Main,TFP,0.102391884583379,classical_fd,Original BCA
7,Main,TFP,0.0501521022041184,classical_fd,Original BCA
8,Main,TFP,0.0083311282044696,classical_fd,Original BCA
9,Main,TFP,-0.021295752491403,classical_fd,Original BCA
10,Main,TFP,-0.0394292551890626,classical_fd,Original BCA
11,Main,TFP,-0.0482007353145288,classical_fd,Original BCA
12,Main,TFP,-0.0502258578329001,classical_fd,Original BCA
13,Main,TFP,-0.0480629073073214,classical_fd,Original BCA
14,Main,TFP,-0.0438777662329339,classical_fd,Original BCA
15,Main,TFP,-0.0393149283432668,classical_fd,Original BCA
16,Main,TFP,-0.0354840560579776,classical_fd,Original BCA
17,Main,TFP,-0.0330243895134984,classical_fd,Original BCA
18,Main,TFP,-0.0322017785350139,classical_fd,Original BCA
19,Main,TFP,-0.0330142635853597,classical_fd,Original BCA
20,Main,TFP,-0.0352883692418388,classical_fd,Original BCA
21,Main,TFP,-0.0387582746866128,classical_fd,Original BCA
22,Main,TFP,-0.0431249050683451,classical_fd,Original BCA
23,Main,TFP,-0.0480960316906392,classical_fd,Original BCA
24,Main,TFP,-0.0534102704007441,classical_fd,Original BCA
25,Main,TFP,-0.0588487158378215,classical_fd,Original BCA
26,Main,TFP,-0.0642378841470489,classical_fd,Original BCA
27,Main,TFP,-0.0694471725553438,classical_fd,Original BCA
28,Main,TFP,-0.0743833568966417,classical_fd,Original BCA
29,Main,TFP,-0.0789839446325488,classical_fd,Original BCA
30,Main,TFP,-0.0832105666079422,classical_fd,Original BCA
31,Main,TFP,-0.0870430817561451,classical_fd,Original BCA
32,Main,TFP,-0.0904746939757858,classical_fd,Original BCA
33,Main,TFP,-0.0935081305624055,classical_fd,Original BCA
34,Main,TFP,-0.0961527842706064,classical_fd,Original BCA
35,Main,TFP,-0.0984226509252962,classical_fd,Original BCA
36,Main,TFP,-0.100334876813708,classical_fd,Original BCA
37,Main,TFP,-0.101908744228383,classical_fd,Original BCA
38,Main,TFP,-0.103164953611959,classical_fd,Original BCA
39,Main,TFP,-0.104125095754238,classical_fd,Original BCA
40,Main,TFP,-0.104811240539068,classical_fd,Original BCA
