identification,h,response,irf
fevdfd_vfci_f12,1,output,0.262511370614799
fevdfd_vfci_f12,1,investment,0.778700775876117
fevdfd_vfci_f12,1,consumption,0.20772715120994
fevdfd_vfci_f12,1,hours_worked,0.347934920635495
fevdfd_vfci_f12,1,unemployment,-0.139605796282053
fevdfd_vfci_f12,1,labor_share,-0.0592874878985738
fevdfd_vfci_f12,1,interest,0.157748316447356
fevdfd_vfci_f12,1,inflation,0.0332572578173026
fevdfd_vfci_f12,1,productivity,0.00548205943101663
fevdfd_vfci_f12,1,TFP,-0.253936693178605
fevdfd_vfci_f12,1,vfci,0.119518676755771
fevdfd_vfci_f12,2,output,0.320480615541565
fevdfd_vfci_f12,2,investment,1.1940645214627
fevdfd_vfci_f12,2,consumption,0.178600720164294
fevdfd_vfci_f12,2,hours_worked,0.415064163439894
fevdfd_vfci_f12,2,unemployment,-0.209172554459259
fevdfd_vfci_f12,2,labor_share,-0.00200253686300619
fevdfd_vfci_f12,2,interest,0.194287725647626
fevdfd_vfci_f12,2,inflation,0.0535078456061996
fevdfd_vfci_f12,2,productivity,-0.0815491465133822
fevdfd_vfci_f12,2,TFP,-0.27444740509972
fevdfd_vfci_f12,2,vfci,0.135810597493653
fevdfd_vfci_f12,3,output,0.163840111381709
fevdfd_vfci_f12,3,investment,0.718025024177904
fevdfd_vfci_f12,3,consumption,0.0726773473521979
fevdfd_vfci_f12,3,hours_worked,0.295732473825898
fevdfd_vfci_f12,3,unemployment,-0.157862571641635
fevdfd_vfci_f12,3,labor_share,0.069145301850548
fevdfd_vfci_f12,3,interest,0.173511463324269
fevdfd_vfci_f12,3,inflation,0.0581808911746189
fevdfd_vfci_f12,3,productivity,-0.195624104759989
fevdfd_vfci_f12,3,TFP,-0.302210111192682
fevdfd_vfci_f12,3,vfci,0.109924053535237
fevdfd_vfci_f12,4,output,0.033904199483159
fevdfd_vfci_f12,4,investment,0.134149464374127
fevdfd_vfci_f12,4,consumption,0.0270838019359558
fevdfd_vfci_f12,4,hours_worked,0.167502019518758
fevdfd_vfci_f12,4,unemployment,-0.107867748570332
fevdfd_vfci_f12,4,labor_share,0.115137992785711
fevdfd_vfci_f12,4,interest,0.145936529841873
fevdfd_vfci_f12,4,inflation,0.05019493881923
fevdfd_vfci_f12,4,productivity,-0.25684417197896
fevdfd_vfci_f12,4,TFP,-0.280183905141153
fevdfd_vfci_f12,4,vfci,0.0823643337979087
fevdfd_vfci_f12,5,output,-0.0837120935034841
fevdfd_vfci_f12,5,investment,-0.372349763968091
fevdfd_vfci_f12,5,consumption,-0.0208991346494073
fevdfd_vfci_f12,5,hours_worked,0.0462852976876654
fevdfd_vfci_f12,5,unemployment,-0.0513115664505043
fevdfd_vfci_f12,5,labor_share,0.138625622640393
fevdfd_vfci_f12,5,interest,0.120982671705443
fevdfd_vfci_f12,5,inflation,0.037279882423463
fevdfd_vfci_f12,5,productivity,-0.282419892768419
fevdfd_vfci_f12,5,TFP,-0.244036391596589
fevdfd_vfci_f12,5,vfci,0.0582017833501407
fevdfd_vfci_f12,6,output,-0.179211671813606
fevdfd_vfci_f12,6,investment,-0.75697279725747
fevdfd_vfci_f12,6,consumption,-0.0645847146651508
fevdfd_vfci_f12,6,hours_worked,-0.0566839083685799
fevdfd_vfci_f12,6,unemployment,0.00100505093888874
fevdfd_vfci_f12,6,labor_share,0.135564013119713
fevdfd_vfci_f12,6,interest,0.0978065728500999
fevdfd_vfci_f12,6,inflation,0.0248260109281017
fevdfd_vfci_f12,6,productivity,-0.286886700303849
fevdfd_vfci_f12,6,TFP,-0.213853921434055
fevdfd_vfci_f12,6,vfci,0.0372170555788885
fevdfd_vfci_f12,7,output,-0.259555711325334
fevdfd_vfci_f12,7,investment,-1.04379623199364
fevdfd_vfci_f12,7,consumption,-0.107298576079343
fevdfd_vfci_f12,7,hours_worked,-0.142360858777205
fevdfd_vfci_f12,7,unemployment,0.0492921112855624
fevdfd_vfci_f12,7,labor_share,0.121461467494573
fevdfd_vfci_f12,7,interest,0.0755216039583894
fevdfd_vfci_f12,7,inflation,0.0120416401019573
fevdfd_vfci_f12,7,productivity,-0.278602462903045
fevdfd_vfci_f12,7,TFP,-0.190299076654459
fevdfd_vfci_f12,7,vfci,0.0188485277700343
fevdfd_vfci_f12,8,output,-0.32226984006102
fevdfd_vfci_f12,8,investment,-1.23845792433757
fevdfd_vfci_f12,8,consumption,-0.145525396171466
fevdfd_vfci_f12,8,hours_worked,-0.210212745283346
fevdfd_vfci_f12,8,unemployment,0.0911902083760867
fevdfd_vfci_f12,8,labor_share,0.0966596139643213
fevdfd_vfci_f12,8,interest,0.0546027228907541
fevdfd_vfci_f12,8,inflation,0.000405807041606234
fevdfd_vfci_f12,8,productivity,-0.259954133549932
fevdfd_vfci_f12,8,TFP,-0.17280604551838
fevdfd_vfci_f12,8,vfci,0.00317133038281887
fevdfd_vfci_f12,9,output,-0.367750655169695
fevdfd_vfci_f12,9,investment,-1.35238013112504
fevdfd_vfci_f12,9,consumption,-0.177356716966433
fevdfd_vfci_f12,9,hours_worked,-0.260017010745734
fevdfd_vfci_f12,9,unemployment,0.125130781134661
fevdfd_vfci_f12,9,labor_share,0.0665321056020855
fevdfd_vfci_f12,9,interest,0.035384046929874
fevdfd_vfci_f12,9,inflation,-0.00995314287559771
fevdfd_vfci_f12,9,productivity,-0.235038567271503
fevdfd_vfci_f12,9,TFP,-0.160665723700244
fevdfd_vfci_f12,9,vfci,-0.00980872453719194
fevdfd_vfci_f12,10,output,-0.396444487118202
fevdfd_vfci_f12,10,investment,-1.39524669906671
fevdfd_vfci_f12,10,consumption,-0.201904021677333
fevdfd_vfci_f12,10,hours_worked,-0.292351256341423
fevdfd_vfci_f12,10,unemployment,0.150328345037415
fevdfd_vfci_f12,10,labor_share,0.0333055010832431
fevdfd_vfci_f12,10,interest,0.0182782701369885
fevdfd_vfci_f12,10,inflation,-0.0186601863171569
fevdfd_vfci_f12,10,productivity,-0.206523915549316
fevdfd_vfci_f12,10,TFP,-0.152929483889259
fevdfd_vfci_f12,10,vfci,-0.0200885000213189
fevdfd_vfci_f12,11,output,-0.409633025493827
fevdfd_vfci_f12,11,investment,-1.37835402789995
fevdfd_vfci_f12,11,consumption,-0.218782495719749
fevdfd_vfci_f12,11,hours_worked,-0.308463219589653
fevdfd_vfci_f12,11,unemployment,0.166558615197076
fevdfd_vfci_f12,11,labor_share,-0.000506617832249065
fevdfd_vfci_f12,11,interest,0.00352960799292801
fevdfd_vfci_f12,11,inflation,-0.0256703500209236
fevdfd_vfci_f12,11,productivity,-0.17699064055017
fevdfd_vfci_f12,11,TFP,-0.148802194551301
fevdfd_vfci_f12,11,vfci,-0.0277682530306705
fevdfd_vfci_f12,12,output,-0.409109757636084
fevdfd_vfci_f12,12,investment,-1.31329327110469
fevdfd_vfci_f12,12,consumption,-0.22825787299144
fevdfd_vfci_f12,12,hours_worked,-0.310173718856216
fevdfd_vfci_f12,12,unemployment,0.174207793299242
fevdfd_vfci_f12,12,labor_share,-0.0330532876092649
fevdfd_vfci_f12,12,interest,-0.00872113510280071
fevdfd_vfci_f12,12,inflation,-0.0310177891162768
fevdfd_vfci_f12,12,productivity,-0.148356663034276
fevdfd_vfci_f12,12,TFP,-0.147403021761908
fevdfd_vfci_f12,12,vfci,-0.0330104747965736
fevdfd_vfci_f12,13,output,-0.396953294866595
fevdfd_vfci_f12,13,investment,-1.21148721417198
fevdfd_vfci_f12,13,consumption,-0.230902879722715
fevdfd_vfci_f12,13,hours_worked,-0.299650314420505
fevdfd_vfci_f12,13,unemployment,0.174024399853431
fevdfd_vfci_f12,13,labor_share,-0.0628392351465733
fevdfd_vfci_f12,13,interest,-0.0184524775841423
fevdfd_vfci_f12,13,inflation,-0.0348180288522479
fevdfd_vfci_f12,13,productivity,-0.122083812924055
fevdfd_vfci_f12,13,TFP,-0.147951503265513
fevdfd_vfci_f12,13,vfci,-0.036035184227358
fevdfd_vfci_f12,14,output,-0.375445268269184
fevdfd_vfci_f12,14,investment,-1.08383631738301
fevdfd_vfci_f12,14,consumption,-0.22759489216228
fevdfd_vfci_f12,14,hours_worked,-0.279276447070619
fevdfd_vfci_f12,14,unemployment,0.167063135940334
fevdfd_vfci_f12,14,labor_share,-0.0887209903948067
fevdfd_vfci_f12,14,interest,-0.0257479483163897
fevdfd_vfci_f12,14,inflation,-0.0372355983474794
fevdfd_vfci_f12,14,productivity,-0.0991732567146581
fevdfd_vfci_f12,14,TFP,-0.149737519772878
fevdfd_vfci_f12,14,vfci,-0.0371067982697438
fevdfd_vfci_f12,15,output,-0.346888663193941
fevdfd_vfci_f12,15,investment,-0.940307439387322
fevdfd_vfci_f12,15,consumption,-0.219352962293126
fevdfd_vfci_f12,15,hours_worked,-0.251487099708965
fevdfd_vfci_f12,15,unemployment,0.154542157962878
fevdfd_vfci_f12,15,labor_share,-0.109917480592921
fevdfd_vfci_f12,15,interest,-0.0307788083815732
fevdfd_vfci_f12,15,inflation,-0.038454612231883
fevdfd_vfci_f12,15,productivity,-0.0802220669562014
fevdfd_vfci_f12,15,TFP,-0.152157467204254
fevdfd_vfci_f12,15,vfci,-0.0365198448567924
fevdfd_vfci_f12,16,output,-0.3135125566555
fevdfd_vfci_f12,16,investment,-0.789724470265073
fevdfd_vfci_f12,16,consumption,-0.207263886479433
fevdfd_vfci_f12,16,hours_worked,-0.218647309856558
fevdfd_vfci_f12,16,unemployment,0.137753888199983
fevdfd_vfci_f12,16,labor_share,-0.125963033280748
fevdfd_vfci_f12,16,interest,-0.0337840919828795
fevdfd_vfci_f12,16,inflation,-0.038668104028592
fevdfd_vfci_f12,16,productivity,-0.065485667914142
fevdfd_vfci_f12,16,TFP,-0.1547092876093
fevdfd_vfci_f12,16,vfci,-0.0345847703752492
fevdfd_vfci_f12,17,output,-0.277372211844299
fevdfd_vfci_f12,17,investment,-0.639584842110245
fevdfd_vfci_f12,17,consumption,-0.192402461081216
fevdfd_vfci_f12,17,hours_worked,-0.18294989693702
fevdfd_vfci_f12,17,unemployment,0.11797993921519
fevdfd_vfci_f12,17,labor_share,-0.136696056899945
fevdfd_vfci_f12,17,interest,-0.0350479474806607
fevdfd_vfci_f12,17,inflation,-0.0380643877032965
fevdfd_vfci_f12,17,productivity,-0.0549340186533767
fevdfd_vfci_f12,17,TFP,-0.156991042327033
fevdfd_vfci_f12,17,vfci,-0.0316135347961234
fevdfd_vfci_f12,18,output,-0.240286207630834
fevdfd_vfci_f12,18,investment,-0.49598666869451
fevdfd_vfci_f12,18,consumption,-0.175777043948326
fevdfd_vfci_f12,18,hours_worked,-0.146341823047119
fevdfd_vfci_f12,18,unemployment,0.0964275912023166
fevdfd_vfci_f12,18,labor_share,-0.142217524567003
fevdfd_vfci_f12,18,interest,-0.034878770358158
fevdfd_vfci_f12,18,inflation,-0.0368213664616919
fevdfd_vfci_f12,18,productivity,-0.048314770378233
fevdfd_vfci_f12,18,TFP,-0.158694368276285
fevdfd_vfci_f12,18,vfci,-0.0279070498794822
fevdfd_vfci_f12,19,output,-0.203793894864072
fevdfd_vfci_f12,19,investment,-0.363618724878964
fevdfd_vfci_f12,19,consumption,-0.158291062288345
fevdfd_vfci_f12,19,hours_worked,-0.110476267628349
fevdfd_vfci_f12,19,unemployment,0.0741832500695517
fevdfd_vfci_f12,19,labor_share,-0.142852193660297
fevdfd_vfci_f12,19,interest,-0.0335900517027116
fevdfd_vfci_f12,19,inflation,-0.0351016215668789
fevdfd_vfci_f12,19,productivity,-0.0452104127475668
fevdfd_vfci_f12,19,TFP,-0.159596039453307
fevdfd_vfci_f12,19,vfci,-0.0237444676846816
fevdfd_vfci_f12,20,output,-0.169135663202461
fevdfd_vfci_f12,20,investment,-0.245816526870821
fevdfd_vfci_f12,20,consumption,-0.140719087966502
fevdfd_vfci_f12,20,hours_worked,-0.0766882532944177
fevdfd_vfci_f12,20,unemployment,0.0521818371214789
fevdfd_vfci_f12,20,labor_share,-0.139101051990548
fevdfd_vfci_f12,20,interest,-0.031484521891136
fevdfd_vfci_f12,20,inflation,-0.0330500596509289
fevdfd_vfci_f12,20,productivity,-0.0450928217373134
fevdfd_vfci_f12,20,TFP,-0.159549139304689
fevdfd_vfci_f12,20,vfci,-0.0193750128748385
fevdfd_vfci_f12,21,output,-0.137251538285845
fevdfd_vfci_f12,21,investment,-0.14466707716758
fevdfd_vfci_f12,21,consumption,-0.123695640034702
fevdfd_vfci_f12,21,hours_worked,-0.0459906359836992
fevdfd_vfci_f12,21,unemployment,0.0311904858145478
fevdfd_vfci_f12,21,labor_share,-0.131592819676679
fevdfd_vfci_f12,21,interest,-0.02884170885539
fevdfd_vfci_f12,21,inflation,-0.030792627071547
fevdfd_vfci_f12,21,productivity,-0.0473714383268022
fevdfd_vfci_f12,21,TFP,-0.158473565552163
fevdfd_vfci_f12,21,vfci,-0.0150123704028861
fevdfd_vfci_f12,22,output,-0.108794511545399
fevdfd_vfci_f12,22,investment,-0.0611499169535197
fevdfd_vfci_f12,22,consumption,-0.107713516199456
fevdfd_vfci_f12,22,hours_worked,-0.0190864673222256
fevdfd_vfci_f12,22,unemployment,0.011803854559359
fevdfd_vfci_f12,22,labor_share,-0.121035824651024
fevdfd_vfci_f12,22,interest,-0.0259090656142273
fevdfd_vfci_f12,22,inflation,-0.0284359866065255
fevdfd_vfci_f12,22,productivity,-0.0514349593459851
fevdfd_vfci_f12,22,TFP,-0.156346604755053
fevdfd_vfci_f12,22,vfci,-0.0108315918058851
fevdfd_vfci_f12,23,output,-0.0841550938202483
fevdfd_vfci_f12,23,investment,0.00469837314393985
fevdfd_vfci_f12,23,consumption,-0.0931297108244648
fevdfd_vfci_f12,23,hours_worked,0.00360607301052108
fevdfd_vfci_f12,23,unemployment,-0.00555108270981807
fevdfd_vfci_f12,23,labor_share,-0.108173099506372
fevdfd_vfci_f12,23,interest,-0.0228964375927535
fevdfd_vfci_f12,23,inflation,-0.0260678566099294
fevdfd_vfci_f12,23,productivity,-0.0566857399658912
fevdfd_vfci_f12,23,TFP,-0.153193510508796
fevdfd_vfci_f12,23,vfci,-0.00696828058088315
fevdfd_vfci_f12,24,output,-0.0634934738277508
fevdfd_vfci_f12,24,investment,0.0536081700271504
fevdfd_vfci_f12,24,consumption,-0.0801766093759557
fevdfd_vfci_f12,24,hours_worked,0.0219199905808947
fevdfd_vfci_f12,24,unemployment,-0.0206031676235501
fevdfd_vfci_f12,24,labor_share,-0.0937427016405012
fevdfd_vfci_f12,24,interest,-0.0199735009390204
fevdfd_vfci_f12,24,inflation,-0.023757840219231
fevdfd_vfci_f12,24,productivity,-0.062566831933094
fevdfd_vfci_f12,24,TFP,-0.149078318811684
fevdfd_vfci_f12,24,vfci,-0.00351972399780344
fevdfd_vfci_f12,25,output,-0.0467762225342349
fevdfd_vfci_f12,25,investment,0.0868993773086501
fevdfd_vfci_f12,25,consumption,-0.0689767193349334
fevdfd_vfci_f12,25,hours_worked,0.035900435679626
fevdfd_vfci_f12,25,unemployment,-0.0332201768787521
fevdfd_vfci_f12,25,labor_share,-0.0784445357241653
fevdfd_vfci_f12,25,interest,-0.0172697017048582
fevdfd_vfci_f12,25,inflation,-0.02155864318962
fevdfd_vfci_f12,25,productivity,-0.0685818662501151
fevdfd_vfci_f12,25,TFP,-0.1440949989401
fevdfd_vfci_f12,25,vfci,-0.000547581773880903
fevdfd_vfci_f12,26,output,-0.0338148145315878
fevdfd_vfci_f12,26,investment,0.106311037081221
fevdfd_vfci_f12,26,consumption,-0.0595593855698691
fevdfd_vfci_f12,26,hours_worked,0.045763289096226
fevdfd_vfci_f12,26,unemployment,-0.0433888168801595
fevdfd_vfci_f12,26,labor_share,-0.0629144449650009
fevdfd_vfci_f12,26,interest,-0.0148761815055511
fevdfd_vfci_f12,26,inflation,-0.0195075811560269
fevdfd_vfci_f12,26,productivity,-0.07430825028702
fevdfd_vfci_f12,26,TFP,-0.138359092256084
fevdfd_vfci_f12,26,vfci,0.00191827755339995
fevdfd_vfci_f12,27,output,-0.0243037670747533
fevdfd_vfci_f12,27,investment,0.113844442453145
fevdfd_vfci_f12,27,consumption,-0.0518782613083895
fevdfd_vfci_f12,27,hours_worked,0.0518538375682256
fevdfd_vfci_f12,27,unemployment,-0.0511931900102087
fevdfd_vfci_f12,27,labor_share,-0.0477056966741275
fevdfd_vfci_f12,27,interest,-0.0128491805270601
fevdfd_vfci_f12,27,inflation,-0.0176283035482887
fevdfd_vfci_f12,27,productivity,-0.0794043733811388
fevdfd_vfci_f12,27,TFP,-0.131999980383366
fevdfd_vfci_f12,27,vfci,0.00387518755876971
fevdfd_vfci_f12,28,output,-0.0178566651338137
fevdfd_vfci_f12,28,investment,0.111624384325508
fevdfd_vfci_f12,28,consumption,-0.0458285613792733
fevdfd_vfci_f12,28,hours_worked,0.0546074840038979
fevdfd_vfci_f12,28,unemployment,-0.0567930529702853
fevdfd_vfci_f12,28,labor_share,-0.0332775605000301
fevdfd_vfci_f12,28,interest,-0.0112144395870146
fevdfd_vfci_f12,28,inflation,-0.0159326586855937
fevdfd_vfci_f12,28,productivity,-0.0836116403989674
fevdfd_vfci_f12,28,TFP,-0.125153916224073
fevdfd_vfci_f12,28,vfci,0.00534270326016016
fevdfd_vfci_f12,29,output,-0.014038810348117
fevdfd_vfci_f12,29,investment,0.101781410590917
fevdfd_vfci_f12,29,consumption,-0.0412633631456636
fevdfd_vfci_f12,29,hours_worked,0.0545139338524763
fevdfd_vfci_f12,29,unemployment,-0.0604029113559546
fevdfd_vfci_f12,29,labor_share,-0.0199903116327663
fevdfd_vfci_f12,29,interest,-0.00997217604509174
fevdfd_vfci_f12,29,inflation,-0.0144226297644838
fevdfd_vfci_f12,29,productivity,-0.0867522349729728
fevdfd_vfci_f12,29,TFP,-0.117957930074944
fevdfd_vfci_f12,29,vfci,0.00635754068532462
fevdfd_vfci_f12,30,output,-0.0123956537097794
fevdfd_vfci_f12,30,investment,0.0863564411774745
fevdfd_vfci_f12,30,consumption,-0.0380084303059428
fevdfd_vfci_f12,30,hours_worked,0.0520858345751517
fevdfd_vfci_f12,30,unemployment,-0.0622727339709606
fevdfd_vfci_f12,30,labor_share,-0.0081057615849318
fevdfd_vfci_f12,30,interest,-0.00910227132103033
fevdfd_vfci_f12,30,inflation,-0.0130922732714858
fevdfd_vfci_f12,30,productivity,-0.0887235327993097
fevdfd_vfci_f12,30,TFP,-0.110544690359338
fevdfd_vfci_f12,30,vfci,0.00696869214385171
fevdfd_vfci_f12,31,output,-0.0124765433604668
fevdfd_vfci_f12,31,investment,0.0672277791639144
fevdfd_vfci_f12,31,consumption,-0.0358752140169374
fevdfd_vfci_f12,31,hours_worked,0.0478324344232304
fevdfd_vfci_f12,31,unemployment,-0.0626708335854264
fevdfd_vfci_f12,31,labor_share,0.0022077138295734
fevdfd_vfci_f12,31,interest,-0.00856937560503235
fevdfd_vfci_f12,31,inflation,-0.0119295967725855
fevdfd_vfci_f12,31,productivity,-0.0894900621252143
fevdfd_vfci_f12,31,TFP,-0.103038361187595
fevdfd_vfci_f12,31,vfci,0.00723291383330006
fevdfd_vfci_f12,32,output,-0.0138536330237238
fevdfd_vfci_f12,32,investment,0.0460595113428757
fevdfd_vfci_f12,32,consumption,-0.0346718387119075
fevdfd_vfci_f12,32,hours_worked,0.042238476566644
fevdfd_vfci_f12,32,unemployment,-0.0618692506559365
fevdfd_vfci_f12,32,labor_share,0.0108667217786921
fevdfd_vfci_f12,32,interest,-0.00832770254803627
fevdfd_vfci_f12,32,inflation,-0.0109183206754571
fevdfd_vfci_f12,32,productivity,-0.0890738478806691
fevdfd_vfci_f12,32,TFP,-0.0955514589417855
fevdfd_vfci_f12,32,vfci,0.00721072536176195
fevdfd_vfci_f12,33,output,-0.0161360510721457
fevdfd_vfci_f12,33,investment,0.0242695000810368
fevdfd_vfci_f12,33,consumption,-0.0342120060381681
fevdfd_vfci_f12,33,hours_worked,0.035748258475265
fevdfd_vfci_f12,33,unemployment,-0.0601317965380622
fevdfd_vfci_f12,33,labor_share,0.0178620190566602
fevdfd_vfci_f12,33,interest,-0.0083253500535562
fevdfd_vfci_f12,33,inflation,-0.0100394785046759
fevdfd_vfci_f12,33,productivity,-0.0875438890564524
fevdfd_vfci_f12,33,TFP,-0.0881826723007861
fevdfd_vfci_f12,33,vfci,0.0069630083081766
fevdfd_vfci_f12,34,output,-0.0189796270590796
fevdfd_vfci_f12,34,investment,0.00301461801495874
fevdfd_vfci_f12,34,consumption,-0.0343218523122545
fevdfd_vfci_f12,34,hours_worked,0.0287545632748678
fevdfd_vfci_f12,34,unemployment,-0.0577047632152552
fevdfd_vfci_f12,34,labor_share,0.0232462613802369
fevdfd_vfci_f12,34,interest,-0.00850804046788855
fevdfd_vfci_f12,34,inflation,-0.00927282171467841
fevdfd_vfci_f12,34,productivity,-0.0850054145093112
fevdfd_vfci_f12,34,TFP,-0.081015576938241
fevdfd_vfci_f12,34,vfci,0.00654824492558311
fevdfd_vfci_f12,35,output,-0.022092614984358
fevdfd_vfci_f12,35,investment,-0.0168094541475819
fevdfd_vfci_f12,35,consumption,-0.034844874166166
fevdfd_vfci_f12,35,hours_worked,0.021592006256986
fevdfd_vfci_f12,35,unemployment,-0.0548101874000748
fevdfd_vfci_f12,35,labor_share,0.027121182071368
fevdfd_vfci_f12,35,interest,-0.00882222315468765
fevdfd_vfci_f12,35,inflation,-0.00859800714695594
fevdfd_vfci_f12,35,productivity,-0.0815894485912412
fevdfd_vfci_f12,35,TFP,-0.0741181496949837
fevdfd_vfci_f12,35,vfci,0.0060203995355269
fevdfd_vfci_f12,36,output,-0.025237945969252
fevdfd_vfci_f12,36,investment,-0.034556687807503
fevdfd_vfci_f12,36,consumption,-0.0356450957322439
fevdfd_vfci_f12,36,hours_worked,0.0145342304659904
fevdfd_vfci_f12,36,unemployment,-0.0516414665695492
fevdfd_vfci_f12,36,labor_share,0.0296249096461523
fevdfd_vfci_f12,36,interest,-0.00921752403495607
fevdfd_vfci_f12,36,inflation,-0.00799555710079629
fevdfd_vfci_f12,36,productivity,-0.0774431019294141
fevdfd_vfci_f12,36,TFP,-0.0675429682808417
fevdfd_vfci_f12,36,vfci,0.00542741441085686
fevdfd_vfci_f12,37,output,-0.0282325934481263
fevdfd_vfci_f12,37,investment,-0.0498102288685164
fevdfd_vfci_f12,37,consumption,-0.0366086907588522
fevdfd_vfci_f12,37,hours_worked,0.00779432382963177
fevdfd_vfci_f12,37,unemployment,-0.0483610609708816
fevdfd_vfci_f12,37,labor_share,0.0309199881790566
fevdfd_vfci_f12,37,interest,-0.00964856008367205
fevdfd_vfci_f12,37,inflation,-0.00744759287585988
fevdfd_vfci_f12,37,productivity,-0.0727208900715445
fevdfd_vfci_f12,37,TFP,-0.0613279716956386
fevdfd_vfci_f12,37,vfci,0.004810268852221
fevdfd_vfci_f12,38,output,-0.0309446481200588
fevdfd_vfci_f12,38,investment,-0.0623556443185532
fevdfd_vfci_f12,38,consumption,-0.0376442966094894
fevdfd_vfci_f12,38,hours_worked,0.00152780947383902
fevdfd_vfci_f12,38,unemployment,-0.0450999761714076
fevdfd_vfci_f12,38,labor_share,0.0311825200574989
fevdfd_vfci_f12,38,interest,-0.0100761623047124
fevdfd_vfci_f12,38,inflation,-0.00693835203014186
fevdfd_vfci_f12,38,productivity,-0.0675772780752712
fevdfd_vfci_f12,38,TFP,-0.0554976531105535
fevdfd_vfci_f12,38,vfci,0.00420253422013752
fevdfd_vfci_f12,39,output,-0.0332886845250615
fevdfd_vfci_f12,39,investment,-0.0721503190978617
fevdfd_vfci_f12,39,consumption,-0.0386822664051505
fevdfd_vfci_f12,39,hours_worked,-0.00416242672555245
fevdfd_vfci_f12,39,unemployment,-0.0419587022403545
fevdfd_vfci_f12,39,labor_share,0.0305927151621759
fevdfd_vfci_f12,39,interest,-0.0104680689294811
fevdfd_vfci_f12,39,inflation,-0.00645450713373632
fevdfd_vfci_f12,39,productivity,-0.0621605556941698
fevdfd_vfci_f12,39,TFP,-0.0500645599972173
fevdfd_vfci_f12,39,vfci,0.00363034814028274
fevdfd_vfci_f12,40,output,-0.035219962857197
fevdfd_vfci_f12,40,investment,-0.0792911294754066
fevdfd_vfci_f12,40,consumption,-0.0396731029178621
fevdfd_vfci_f12,40,hours_worked,-0.00921986893382057
fevdfd_vfci_f12,40,unemployment,-0.039009284830078
fevdfd_vfci_f12,40,labor_share,0.0293270086890938
fevdfd_vfci_f12,40,interest,-0.0107991622581164
fevdfd_vfci_f12,40,inflation,-0.00598530933886681
fevdfd_vfci_f12,40,productivity,-0.0566080676916538
fevdfd_vfci_f12,40,TFP,-0.0450309846388085
fevdfd_vfci_f12,40,vfci,0.0031127270614211
fevdfd_vfci_f1,1,output,0.156438130085244
fevdfd_vfci_f1,1,investment,0.442838947787561
fevdfd_vfci_f1,1,consumption,0.0326405688915168
fevdfd_vfci_f1,1,hours_worked,-0.00204396733763942
fevdfd_vfci_f1,1,unemployment,0.0234138826147081
fevdfd_vfci_f1,1,labor_share,-0.161385569372771
fevdfd_vfci_f1,1,interest,-0.0764564557111959
fevdfd_vfci_f1,1,inflation,-0.00827804386136473
fevdfd_vfci_f1,1,productivity,0.202959713888456
fevdfd_vfci_f1,1,TFP,0.166483526866275
fevdfd_vfci_f1,1,vfci,-0.204611463456173
fevdfd_vfci_f1,2,output,0.457005484168126
fevdfd_vfci_f1,2,investment,1.1314993158088
fevdfd_vfci_f1,2,consumption,0.378166514413085
fevdfd_vfci_f1,2,hours_worked,0.31895945625097
fevdfd_vfci_f1,2,unemployment,-0.210489584290576
fevdfd_vfci_f1,2,labor_share,-0.1822925479085
fevdfd_vfci_f1,2,interest,-0.0481649858704057
fevdfd_vfci_f1,2,inflation,0.0133831296436559
fevdfd_vfci_f1,2,productivity,0.176897906823909
fevdfd_vfci_f1,2,TFP,0.0921748812142094
fevdfd_vfci_f1,2,vfci,-0.13044969713957
fevdfd_vfci_f1,3,output,0.466595411510688
fevdfd_vfci_f1,3,investment,1.51065244977562
fevdfd_vfci_f1,3,consumption,0.303249413213858
fevdfd_vfci_f1,3,hours_worked,0.38901813335589
fevdfd_vfci_f1,3,unemployment,-0.203000825071897
fevdfd_vfci_f1,3,labor_share,-0.0846379820781631
fevdfd_vfci_f1,3,interest,-0.0232341593992791
fevdfd_vfci_f1,3,inflation,-0.0042350176708545
fevdfd_vfci_f1,3,productivity,0.127491764206995
fevdfd_vfci_f1,3,TFP,0.0307740358475613
fevdfd_vfci_f1,3,vfci,-0.0782034044106876
fevdfd_vfci_f1,4,output,0.552618251973314
fevdfd_vfci_f1,4,investment,1.85677990335994
fevdfd_vfci_f1,4,consumption,0.341472315071194
fevdfd_vfci_f1,4,hours_worked,0.479439414520955
fevdfd_vfci_f1,4,unemployment,-0.243779556027793
fevdfd_vfci_f1,4,labor_share,-0.106899284244594
fevdfd_vfci_f1,4,interest,-0.00215391385221227
fevdfd_vfci_f1,4,inflation,0.00122259583122689
fevdfd_vfci_f1,4,productivity,0.10128151153446
fevdfd_vfci_f1,4,TFP,-0.0283426856284356
fevdfd_vfci_f1,4,vfci,-0.0436401036098367
fevdfd_vfci_f1,5,output,0.583642302079496
fevdfd_vfci_f1,5,investment,1.9397535792924
fevdfd_vfci_f1,5,consumption,0.368845299361444
fevdfd_vfci_f1,5,hours_worked,0.533035295442646
fevdfd_vfci_f1,5,unemployment,-0.273932400398402
fevdfd_vfci_f1,5,labor_share,-0.0329897283414645
fevdfd_vfci_f1,5,interest,0.0145203923517349
fevdfd_vfci_f1,5,inflation,-0.00124460114831681
fevdfd_vfci_f1,5,productivity,0.0490487707000032
fevdfd_vfci_f1,5,TFP,-0.0471438343213718
fevdfd_vfci_f1,5,vfci,-0.0175049116388394
fevdfd_vfci_f1,6,output,0.597136640029197
fevdfd_vfci_f1,6,investment,1.91992473796904
fevdfd_vfci_f1,6,consumption,0.383503135888612
fevdfd_vfci_f1,6,hours_worked,0.548780863878016
fevdfd_vfci_f1,6,unemployment,-0.287644998266069
fevdfd_vfci_f1,6,labor_share,0.0157984918405849
fevdfd_vfci_f1,6,interest,0.0284778548883415
fevdfd_vfci_f1,6,inflation,0.00220602034889035
fevdfd_vfci_f1,6,productivity,0.0139575063642419
fevdfd_vfci_f1,6,TFP,-0.0439459611835119
fevdfd_vfci_f1,6,vfci,0.00184306496126493
fevdfd_vfci_f1,7,output,0.586775082500705
fevdfd_vfci_f1,7,investment,1.79531673844699
fevdfd_vfci_f1,7,consumption,0.390929267743919
fevdfd_vfci_f1,7,hours_worked,0.536996007486816
fevdfd_vfci_f1,7,unemployment,-0.287828134942616
fevdfd_vfci_f1,7,labor_share,0.0747321873237123
fevdfd_vfci_f1,7,interest,0.0371686341751401
fevdfd_vfci_f1,7,inflation,0.00305596614026922
fevdfd_vfci_f1,7,productivity,-0.0185184760067516
fevdfd_vfci_f1,7,TFP,-0.0313806122557372
fevdfd_vfci_f1,7,vfci,0.0152097467241709
fevdfd_vfci_f1,8,output,0.562208350739992
fevdfd_vfci_f1,8,investment,1.61516660020071
fevdfd_vfci_f1,8,consumption,0.390866818715127
fevdfd_vfci_f1,8,hours_worked,0.505801164704868
fevdfd_vfci_f1,8,unemployment,-0.276655935472018
fevdfd_vfci_f1,8,labor_share,0.125937113133009
fevdfd_vfci_f1,8,interest,0.0423802756017386
fevdfd_vfci_f1,8,inflation,0.00414835448447363
fevdfd_vfci_f1,8,productivity,-0.0398905354270475
fevdfd_vfci_f1,8,TFP,-0.0101831167706031
fevdfd_vfci_f1,8,vfci,0.0241458300042215
fevdfd_vfci_f1,9,output,0.527509335588891
fevdfd_vfci_f1,9,investment,1.40502224318404
fevdfd_vfci_f1,9,consumption,0.385478723487046
fevdfd_vfci_f1,9,hours_worked,0.461341205532274
fevdfd_vfci_f1,9,unemployment,-0.25718163427749
fevdfd_vfci_f1,9,labor_share,0.17058362772671
fevdfd_vfci_f1,9,interest,0.0442370765133445
fevdfd_vfci_f1,9,inflation,0.00478414667208044
fevdfd_vfci_f1,9,productivity,-0.0527899950147836
fevdfd_vfci_f1,9,TFP,0.0136021083856991
fevdfd_vfci_f1,9,vfci,0.0295479475332314
fevdfd_vfci_f1,10,output,0.4862764038747
fevdfd_vfci_f1,10,investment,1.18491663604301
fevdfd_vfci_f1,10,consumption,0.375141220959243
fevdfd_vfci_f1,10,hours_worked,0.408703466870952
fevdfd_vfci_f1,10,unemployment,-0.231226920022272
fevdfd_vfci_f1,10,labor_share,0.206093628257614
fevdfd_vfci_f1,10,interest,0.0433284428377113
fevdfd_vfci_f1,10,inflation,0.00504925921805827
fevdfd_vfci_f1,10,productivity,-0.0568924015350159
fevdfd_vfci_f1,10,TFP,0.0382236024741711
fevdfd_vfci_f1,10,vfci,0.0321316298775855
fevdfd_vfci_f1,11,output,0.442663249224495
fevdfd_vfci_f1,11,investment,0.971138027264378
fevdfd_vfci_f1,11,consumption,0.362191239186421
fevdfd_vfci_f1,11,hours_worked,0.352757464160275
fevdfd_vfci_f1,11,unemployment,-0.201612731495977
fevdfd_vfci_f1,11,labor_share,0.231562285115361
fevdfd_vfci_f1,11,interest,0.0402467008650933
fevdfd_vfci_f1,11,inflation,0.00507193768744404
fevdfd_vfci_f1,11,productivity,-0.0533030502327978
fevdfd_vfci_f1,11,TFP,0.0616630904359181
fevdfd_vfci_f1,11,vfci,0.0325124960876025
fevdfd_vfci_f1,12,output,0.399415507614535
fevdfd_vfci_f1,12,investment,0.774333105925475
fevdfd_vfci_f1,12,consumption,0.347867273923124
fevdfd_vfci_f1,12,hours_worked,0.297172251395482
fevdfd_vfci_f1,12,unemployment,-0.170392342690598
fevdfd_vfci_f1,12,labor_share,0.2472503452025
fevdfd_vfci_f1,12,interest,0.0355959304401214
fevdfd_vfci_f1,12,inflation,0.00486646810887824
fevdfd_vfci_f1,12,productivity,-0.043247441864723
fevdfd_vfci_f1,12,TFP,0.0829903868009003
fevdfd_vfci_f1,12,vfci,0.03123640327015
fevdfd_vfci_f1,13,output,0.358963061577658
fevdfd_vfci_f1,13,investment,0.602079569747781
fevdfd_vfci_f1,13,consumption,0.333517542073505
fevdfd_vfci_f1,13,hours_worked,0.244842655496644
fevdfd_vfci_f1,13,unemployment,-0.139442917393038
fevdfd_vfci_f1,13,labor_share,0.253551547118217
fevdfd_vfci_f1,13,interest,0.0299620903705481
fevdfd_vfci_f1,13,inflation,0.0045346979798718
fevdfd_vfci_f1,13,productivity,-0.0280320148946969
fevdfd_vfci_f1,13,TFP,0.101572507294969
fevdfd_vfci_f1,13,vfci,0.0287804975139498
fevdfd_vfci_f1,14,output,0.322892347515914
fevdfd_vfci_f1,14,investment,0.458332629474629
fevdfd_vfci_f1,14,consumption,0.320086870547904
fevdfd_vfci_f1,14,hours_worked,0.197786168624546
fevdfd_vfci_f1,14,unemployment,-0.11018241227572
fevdfd_vfci_f1,14,labor_share,0.251573719084884
fevdfd_vfci_f1,14,interest,0.0238595686872878
fevdfd_vfci_f1,14,inflation,0.00411258989400934
fevdfd_vfci_f1,14,productivity,-0.00906388657160077
fevdfd_vfci_f1,14,TFP,0.117147627050388
fevdfd_vfci_f1,14,vfci,0.02555933133219
fevdfd_vfci_f1,15,output,0.292234811982367
fevdfd_vfci_f1,15,investment,0.344560938005061
fevdfd_vfci_f1,15,consumption,0.308260363646028
fevdfd_vfci_f1,15,hours_worked,0.157267397088011
fevdfd_vfci_f1,15,unemployment,-0.0836439309050716
fevdfd_vfci_f1,15,labor_share,0.242571523314119
fevdfd_vfci_f1,15,interest,0.0177317794145851
fevdfd_vfci_f1,15,inflation,0.00365155207291021
fevdfd_vfci_f1,15,productivity,0.0123566073483744
fevdfd_vfci_f1,15,TFP,0.12969612616433
fevdfd_vfci_f1,15,vfci,0.0219254517776056
fevdfd_vfci_f1,16,output,0.26745601058564
fevdfd_vfci_f1,16,investment,0.260084459394922
fevdfd_vfci_f1,16,consumption,0.298446728974805
fevdfd_vfci_f1,16,hours_worked,0.12388634269345
fevdfd_vfci_f1,16,unemployment,-0.0604817285176667
fevdfd_vfci_f1,16,labor_share,0.228009579311693
fevdfd_vfci_f1,16,interest,0.0119294249810646
fevdfd_vfci_f1,16,inflation,0.00318187809171419
fevdfd_vfci_f1,16,productivity,0.0350260649876321
fevdfd_vfci_f1,16,TFP,0.1393604134361
fevdfd_vfci_f1,16,vfci,0.018168063683048
fevdfd_vfci_f1,17,output,0.248579320316921
fevdfd_vfci_f1,17,investment,0.20269189073038
fevdfd_vfci_f1,17,consumption,0.290820161841728
fevdfd_vfci_f1,17,hours_worked,0.0976988964555282
fevdfd_vfci_f1,17,unemployment,-0.0410182164446046
fevdfd_vfci_f1,17,labor_share,0.209367759287675
fevdfd_vfci_f1,17,interest,0.0067129228502053
fevdfd_vfci_f1,17,inflation,0.002729102426181
fevdfd_vfci_f1,17,productivity,0.057913616751776
fevdfd_vfci_f1,17,TFP,0.146399683914883
fevdfd_vfci_f1,17,vfci,0.0145144957339958
fevdfd_vfci_f1,18,output,0.235279607282142
fevdfd_vfci_f1,18,investment,0.169111480181278
fevdfd_vfci_f1,18,consumption,0.285369493610052
fevdfd_vfci_f1,18,hours_worked,0.0783395741055388
fevdfd_vfci_f1,18,unemployment,-0.0253021468892571
fevdfd_vfci_f1,18,labor_share,0.188076787081361
fevdfd_vfci_f1,18,interest,0.00225425750032271
fevdfd_vfci_f1,18,inflation,0.00231061373822222
fevdfd_vfci_f1,18,productivity,0.0801685980283859
fevdfd_vfci_f1,18,TFP,0.15113730413709
fevdfd_vfci_f1,18,vfci,0.0111329799383752
fevdfd_vfci_f1,19,output,0.226981436432327
fevdfd_vfci_f1,19,investment,0.155450569435761
fevdfd_vfci_f1,19,consumption,0.281940901435699
fevdfd_vfci_f1,19,hours_worked,0.065139200723361
fevdfd_vfci_f1,19,unemployment,-0.01316631859922
fevdfd_vfci_f1,19,labor_share,0.165439401250259
fevdfd_vfci_f1,19,interest,-0.00135393234703059
fevdfd_vfci_f1,19,inflation,0.00193824813872526
fevdfd_vfci_f1,19,productivity,0.101132762234798
fevdfd_vfci_f1,19,TFP,0.153929532162717
fevdfd_vfci_f1,19,vfci,0.00813758315778359
fevdfd_vfci_f1,20,output,0.222950926659567
fevdfd_vfci_f1,20,investment,0.157565766993108
fevdfd_vfci_f1,20,consumption,0.280284863533208
fevdfd_vfci_f1,20,hours_worked,0.0572347025200257
fevdfd_vfci_f1,20,unemployment,-0.00428803382933228
fevdfd_vfci_f1,20,labor_share,0.142583092012419
fevdfd_vfci_f1,20,interest,-0.00408699143050126
fevdfd_vfci_f1,20,inflation,0.001619213806075
fevdfd_vfci_f1,20,productivity,0.120333350211489
fevdfd_vfci_f1,20,TFP,0.155136678381076
fevdfd_vfci_f1,20,vfci,0.00559456176756303
fevdfd_vfci_f1,21,output,0.222374162063638
fevdfd_vfci_f1,21,investment,0.171358989025117
fevdfd_vfci_f1,21,consumption,0.280094701534784
fevdfd_vfci_f1,21,hours_worked,0.0536640033708138
fevdfd_vfci_f1,21,unemployment,0.00175678321396026
fevdfd_vfci_f1,21,labor_share,0.120432301218362
fevdfd_vfci_f1,21,interest,-0.00597506912314842
fevdfd_vfci_f1,21,inflation,0.00135678599738106
fevdfd_vfci_f1,21,productivity,0.137468917780684
fevdfd_vfci_f1,21,TFP,0.155103757526294
fevdfd_vfci_f1,21,vfci,0.00352977434708197
fevdfd_vfci_f1,22,output,0.224423471562518
fevdfd_vfci_f1,22,investment,0.193004473095903
fevdfd_vfci_f1,22,consumption,0.281040528087104
fevdfd_vfci_f1,22,hours_worked,0.053445104984316
fevdfd_vfci_f1,22,unemployment,0.00544536012435554
fevdfd_vfci_f1,22,labor_share,0.0996975053406398
fevdfd_vfci_f1,22,interest,-0.0070895188345324
fevdfd_vfci_f1,22,inflation,0.00115108402420056
fevdfd_vfci_f1,22,productivity,0.152388673395789
fevdfd_vfci_f1,22,TFP,0.15414622676973
fevdfd_vfci_f1,22,vfci,0.00193656201656426
fevdfd_vfci_f1,23,output,0.228308610103528
fevdfd_vfci_f1,23,investment,0.219106367165204
fevdfd_vfci_f1,23,consumption,0.2827956719462
fevdfd_vfci_f1,23,hours_worked,0.0556377545655437
fevdfd_vfci_f1,23,unemployment,0.00726831400420313
fevdfd_vfci_f1,23,labor_share,0.0808799063573708
fevdfd_vfci_f1,23,interest,-0.00752986337383603
fevdfd_vfci_f1,23,inflation,0.000999549751839876
fevdfd_vfci_f1,23,productivity,0.165068032557411
fevdfd_vfci_f1,23,TFP,0.152541112846069
fevdfd_vfci_f1,23,vfci,0.000783612831076849
fevdfd_vfci_f1,24,output,0.233314192276834
fevdfd_vfci_f1,24,investment,0.246795820711396
fevdfd_vfci_f1,24,consumption,0.285056528820759
fevdfd_vfci_f1,24,hours_worked,0.0593883458498929
fevdfd_vfci_f1,24,unemployment,0.00769835717711661
fevdfd_vfci_f1,24,labor_share,0.064286864053238
fevdfd_vfci_f1,24,interest,-0.00741195812097657
fevdfd_vfci_f1,24,inflation,0.000897483795549549
fevdfd_vfci_f1,24,productivity,0.175582867415915
fevdfd_vfci_f1,24,TFP,0.150522321723533
fevdfd_vfci_f1,24,vfci,2.2398256096988e-05
fevdfd_vfci_f1,25,output,0.238823981524226
fevdfd_vfci_f1,25,investment,0.273775087150973
fevdfd_vfci_f1,25,consumption,0.287556017833811
fevdfd_vfci_f1,25,hours_worked,0.0639592412805878
fevdfd_vfci_f1,25,unemployment,0.00716745481256351
fevdfd_vfci_f1,25,labor_share,0.0500555149266715
fevdfd_vfci_f1,25,interest,-0.00685784166084239
fevdfd_vfci_f1,25,inflation,0.000838508520643811
fevdfd_vfci_f1,25,productivity,0.18408398047271
fevdfd_vfci_f1,25,TFP,0.148279367821316
fevdfd_vfci_f1,25,vfci,-0.000406129905769703
fevdfd_vfci_f1,26,output,0.24433381437419
fevdfd_vfci_f1,26,investment,0.29831870699576
fevdfd_vfci_f1,26,consumption,0.290071479532824
fevdfd_vfci_f1,26,hours_worked,0.0687444638717794
fevdfd_vfci_f1,26,unemployment,0.00605174907617108
fevdfd_vfci_f1,26,labor_share,0.0381810625815827
fevdfd_vfci_f1,26,interest,-0.00598748829098467
fevdfd_vfci_f1,26,inflation,0.00081504363822848
fevdfd_vfci_f1,26,productivity,0.190773292493677
fevdfd_vfci_f1,26,TFP,0.145958767470448
fevdfd_vfci_f1,26,vfci,-0.000565786148411461
fevdfd_vfci_f1,27,output,0.249455015601686
fevdfd_vfci_f1,27,investment,0.319241509411737
fevdfd_vfci_f1,27,consumption,0.292427924486566
fevdfd_vfci_f1,27,hours_worked,0.0732740355416102
fevdfd_vfci_f1,27,unemployment,0.00466329017372198
fevdfd_vfci_f1,27,labor_share,0.0285471589810886
fevdfd_vfci_f1,27,interest,-0.00491253194259832
fevdfd_vfci_f1,27,inflation,0.000818765238751186
fevdfd_vfci_f1,27,productivity,0.195882620455709
fevdfd_vfci_f1,27,TFP,0.143667362329642
fevdfd_vfci_f1,27,vfci,-0.000520450784208552
fevdfd_vfci_f1,28,output,0.253910340079059
fevdfd_vfci_f1,28,investment,0.335842991639095
fevdfd_vfci_f1,28,consumption,0.294497590108298
fevdfd_vfci_f1,28,hours_worked,0.0772093769196393
fevdfd_vfci_f1,28,unemployment,0.00324744251746857
fevdfd_vfci_f1,28,labor_share,0.0209560664700712
fevdfd_vfci_f1,28,interest,-0.00373188118752446
fevdfd_vfci_f1,28,inflation,0.000841047900683431
fevdfd_vfci_f1,28,productivity,0.199655653328493
fevdfd_vfci_f1,28,TFP,0.141476950695709
fevdfd_vfci_f1,28,vfci,-0.000330447060691582
fevdfd_vfci_f1,29,output,0.257524428736971
fevdfd_vfci_f1,29,investment,0.347836743937943
fevdfd_vfci_f1,29,consumption,0.296196758604852
fevdfd_vfci_f1,29,hours_worked,0.0803321437874584
fevdfd_vfci_f1,29,unemployment,0.0019847619682221
fevdfd_vfci_f1,29,labor_share,0.0151568775951173
fevdfd_vfci_f1,29,interest,-0.00252905170281639
fevdfd_vfci_f1,29,inflation,0.000873373232753017
fevdfd_vfci_f1,29,productivity,0.202333381640418
fevdfd_vfci_f1,29,TFP,0.139429665998369
fevdfd_vfci_f1,29,vfci,-4.9954186853588e-05
fevdfd_vfci_f1,30,output,0.260210615370779
fevdfd_vfci_f1,30,investment,0.3552724379452
fevdfd_vfci_f1,30,consumption,0.297480701596627
fevdfd_vfci_f1,30,hours_worked,0.0825286959979053
fevdfd_vfci_f1,30,unemployment,0.000996172381175799
fevdfd_vfci_f1,30,labor_share,0.0108705611692951
fevdfd_vfci_f1,30,interest,-0.00137097771415245
fevdfd_vfci_f1,30,inflation,0.000907690153827172
fevdfd_vfci_f1,30,productivity,0.204142994227397
fevdfd_vfci_f1,30,TFP,0.137543643863573
fevdfd_vfci_f1,30,vfci,0.000274635267330553
fevdfd_vfci_f1,31,output,0.261955703015471
fevdfd_vfci_f1,31,investment,0.358456578667398
fevdfd_vfci_f1,31,consumption,0.298337516088976
fevdfd_vfci_f1,31,hours_worked,0.0837721316597046
fevdfd_vfci_f1,31,unemployment,0.000350355104974247
fevdfd_vfci_f1,31,labor_share,0.00781107385517982
fevdfd_vfci_f1,31,interest,-0.000308031170876894
fevdfd_vfci_f1,31,inflation,0.000936714470055895
fevdfd_vfci_f1,31,productivity,0.205290055105936
fevdfd_vfci_f1,31,TFP,0.135818606776594
fevdfd_vfci_f1,31,vfci,0.000605538120152438
fevdfd_vfci_f1,32,output,0.262804061056632
fevdfd_vfci_f1,32,investment,0.357876840468504
fevdfd_vfci_f1,32,consumption,0.298781487444979
fevdfd_vfci_f1,32,hours_worked,0.0841035021509232
fevdfd_vfci_f1,32,unemployment,7.23984957425478e-05
fevdfd_vfci_f1,32,labor_share,0.00570218718407493
fevdfd_vfci_f1,32,interest,0.000625030944491621
fevdfd_vfci_f1,32,inflation,0.000954158713796661
fevdfd_vfci_f1,32,productivity,0.205953633313131
fevdfd_vfci_f1,32,TFP,0.13424108706431
fevdfd_vfci_f1,32,vfci,0.000913726235823235
fevdfd_vfci_f1,33,output,0.262842114854195
fevdfd_vfci_f1,33,investment,0.354133477997951
fevdfd_vfci_f1,33,consumption,0.298846484976106
fevdfd_vfci_f1,33,hours_worked,0.0836134880961649
fevdfd_vfci_f1,33,unemployment,0.000152909477406901
fevdfd_vfci_f1,33,labor_share,0.00429001400285658
fevdfd_vfci_f1,33,interest,0.00140746011445516
fevdfd_vfci_f1,33,inflation,0.000954888325242534
fevdfd_vfci_f1,33,productivity,0.206283969591706
fevdfd_vfci_f1,33,TFP,0.132789092132485
fevdfd_vfci_f1,33,vfci,0.00117854354703991
fevdfd_vfci_f1,34,output,0.262184022745141
fevdfd_vfci_f1,34,investment,0.347880079901436
fevdfd_vfci_f1,34,consumption,0.298579767668931
fevdfd_vfci_f1,34,hours_worked,0.082425485755993
fevdfd_vfci_f1,34,unemployment,0.000556953873837103
fevdfd_vfci_f1,34,labor_share,0.00335147852021176
fevdfd_vfci_f1,34,interest,0.0020304950703758
fevdfd_vfci_f1,34,inflation,0.000935004801085415
fevdfd_vfci_f1,34,productivity,0.206402218601271
fevdfd_vfci_f1,34,TFP,0.131436090876907
fevdfd_vfci_f1,34,vfci,0.00138693865218288
fevdfd_vfci_f1,35,output,0.260959079142666
fevdfd_vfci_f1,35,investment,0.339774868480696
fevdfd_vfci_f1,35,consumption,0.298036460275857
fevdfd_vfci_f1,35,hours_worked,0.0806807464589553
fevdfd_vfci_f1,35,unemployment,0.00123235358306226
fevdfd_vfci_f1,35,labor_share,0.00269915777432466
fevdfd_vfci_f1,35,interest,0.0024951371517633
fevdfd_vfci_f1,35,inflation,0.000891860779697591
fevdfd_vfci_f1,35,productivity,0.206401797145769
fevdfd_vfci_f1,35,TFP,0.130154264390124
fevdfd_vfci_f1,35,vfci,0.00153244559492414
fevdfd_vfci_f1,36,output,0.259301156088514
fevdfd_vfci_f1,36,investment,0.330442864469219
fevdfd_vfci_f1,36,consumption,0.297274857012365
fevdfd_vfci_f1,36,hours_worked,0.0785259408935378
fevdfd_vfci_f1,36,unemployment,0.00211701834054214
fevdfd_vfci_f1,36,labor_share,0.00218303812343132
fevdfd_vfci_f1,36,interest,0.00280989568478582
fevdfd_vfci_f1,36,inflation,0.000824015369380986
fevdfd_vfci_f1,36,productivity,0.206350888848517
fevdfd_vfci_f1,36,TFP,0.12891701664803
fevdfd_vfci_f1,36,vfci,0.0016140288894345
fevdfd_vfci_f1,37,output,0.257340305411744
fevdfd_vfci_f1,37,investment,0.320448542260762
fevdfd_vfci_f1,37,consumption,0.296352623829398
fevdfd_vfci_f1,37,hours_worked,0.0761032924974885
fevdfd_vfci_f1,37,unemployment,0.00314512193463064
fevdfd_vfci_f1,37,labor_share,0.00168978635355603
fevdfd_vfci_f1,37,interest,0.00298863779681503
fevdfd_vfci_f1,37,inflation,0.000731140380660408
fevdfd_vfci_f1,37,productivity,0.206295696375647
fevdfd_vfci_f1,37,TFP,0.127700781719363
fevdfd_vfci_f1,37,vfci,0.00163488950974897
fevdfd_vfci_f1,38,output,0.255196491816346
fevdfd_vfci_f1,38,investment,0.310278092022742
fevdfd_vfci_f1,38,consumption,0.295323901394281
fevdfd_vfci_f1,38,hours_worked,0.0735432426674585
fevdfd_vfci_f1,38,unemployment,0.00425204393454514
fevdfd_vfci_f1,38,labor_share,0.00114014228346924
fevdfd_vfci_f1,38,interest,0.00304863948190377
fevdfd_vfci_f1,38,inflation,0.000613889396162984
fevdfd_vfci_f1,38,productivity,0.206264086368834
fevdfd_vfci_f1,38,TFP,0.126486193604686
fevdfd_vfci_f1,38,vfci,0.00160130820733405
fevdfd_vfci_f1,39,output,0.252975313294652
fevdfd_vfci_f1,39,investment,0.300330066675577
fevdfd_vfci_f1,39,consumption,0.294237259016902
fevdfd_vfci_f1,39,hours_worked,0.0709594744795689
fevdfd_vfci_f1,39,unemployment,0.00537808698186261
fevdfd_vfci_f1,39,labor_share,0.000485009322253416
fevdfd_vfci_f1,39,interest,0.00300890045267258
fevdfd_vfci_f1,39,inflation,0.000473741905302353
fevdfd_vfci_f1,39,productivity,0.20626933354964
fevdfd_vfci_f1,39,TFP,0.125258704092667
fevdfd_vfci_f1,39,vfci,0.00152158257920243
fevdfd_vfci_f1,40,output,0.250765486672992
fevdfd_vfci_f1,40,investment,0.290913002700427
fevdfd_vfci_f1,40,consumption,0.293134413517856
fevdfd_vfci_f1,40,hours_worked,0.0684460279691807
fevdfd_vfci_f1,40,unemployment,0.00647104676279386
fevdfd_vfci_f1,40,labor_share,-0.000299237902305454
fevdfd_vfci_f1,40,interest,0.00288875557344549
fevdfd_vfci_f1,40,inflation,0.000312834192267208
fevdfd_vfci_f1,40,productivity,0.206313733814172
fevdfd_vfci_f1,40,TFP,0.124008744295483
fevdfd_vfci_f1,40,vfci,0.00140509583523821
fevdfd_unem,1,output,0.690522528518046
fevdfd_unem,1,investment,1.60456046909284
fevdfd_unem,1,consumption,0.613619679510843
fevdfd_unem,1,hours_worked,0.801327783645084
fevdfd_unem,1,unemployment,-0.462964765700824
fevdfd_unem,1,labor_share,-0.261583665090801
fevdfd_unem,1,interest,0.0651980794748341
fevdfd_unem,1,inflation,0.0750112824003912
fevdfd_unem,1,productivity,-0.0419594792661955
fevdfd_unem,1,TFP,-0.241643759951788
fevdfd_unem,2,output,0.605771515082445
fevdfd_unem,2,investment,1.58213271893023
fevdfd_unem,2,consumption,0.504302362484755
fevdfd_unem,2,hours_worked,0.795367361954129
fevdfd_unem,2,unemployment,-0.501727799591076
fevdfd_unem,2,labor_share,-0.0435402394602864
fevdfd_unem,2,interest,0.108465052561916
fevdfd_unem,2,inflation,0.0394392046531717
fevdfd_unem,2,productivity,-0.193874587210917
fevdfd_unem,2,TFP,-0.25869146458134
fevdfd_unem,3,output,0.452966336860303
fevdfd_unem,3,investment,1.15951558549767
fevdfd_unem,3,consumption,0.33032849831078
fevdfd_unem,3,hours_worked,0.62300005176498
fevdfd_unem,3,unemployment,-0.388519594976337
fevdfd_unem,3,labor_share,-0.0398032697088524
fevdfd_unem,3,interest,0.116069065712736
fevdfd_unem,3,inflation,0.0376754105979582
fevdfd_unem,3,productivity,-0.242409697514879
fevdfd_unem,3,TFP,-0.244758552983236
fevdfd_unem,4,output,0.327256089977429
fevdfd_unem,4,investment,0.624742625420042
fevdfd_unem,4,consumption,0.267995528066857
fevdfd_unem,4,hours_worked,0.484558335383999
fevdfd_unem,4,unemployment,-0.320519922376124
fevdfd_unem,4,labor_share,0.0366469812660853
fevdfd_unem,4,interest,0.106453195705026
fevdfd_unem,4,inflation,0.0198304022034928
fevdfd_unem,4,productivity,-0.290323781756318
fevdfd_unem,4,TFP,-0.23566008347275
fevdfd_unem,5,output,0.20562114693183
fevdfd_unem,5,investment,0.162628883293319
fevdfd_unem,5,consumption,0.191480625519044
fevdfd_unem,5,hours_worked,0.346189861928275
fevdfd_unem,5,unemployment,-0.242007731743505
fevdfd_unem,5,labor_share,0.0931943686035246
fevdfd_unem,5,interest,0.0967720342506343
fevdfd_unem,5,inflation,0.00822819284362359
fevdfd_unem,5,productivity,-0.302599694037419
fevdfd_unem,5,TFP,-0.206420880209843
fevdfd_unem,6,output,0.100715399937037
fevdfd_unem,6,investment,-0.216303503829857
fevdfd_unem,6,consumption,0.128738617932362
fevdfd_unem,6,hours_worked,0.221488091731077
fevdfd_unem,6,unemployment,-0.172466015392582
fevdfd_unem,6,labor_share,0.129443531625153
fevdfd_unem,6,interest,0.0828548012510648
fevdfd_unem,6,inflation,0.000456931549687284
fevdfd_unem,6,productivity,-0.303966799333664
fevdfd_unem,6,TFP,-0.189603665740551
fevdfd_unem,7,output,0.00354229262957867
fevdfd_unem,7,investment,-0.536505455743677
fevdfd_unem,7,consumption,0.0688347065773172
fevdfd_unem,7,hours_worked,0.10915641312517
fevdfd_unem,7,unemployment,-0.106311576633691
fevdfd_unem,7,labor_share,0.155457702707482
fevdfd_unem,7,interest,0.0660485934902963
fevdfd_unem,7,inflation,-0.00685131612478309
fevdfd_unem,7,productivity,-0.29506469242811
fevdfd_unem,7,TFP,-0.174532971968963
fevdfd_unem,8,output,-0.0763591452039154
fevdfd_unem,8,investment,-0.783210686265088
fevdfd_unem,8,consumption,0.0198341479602301
fevdfd_unem,8,hours_worked,0.0142371001567741
fevdfd_unem,8,unemployment,-0.0494960190520445
fevdfd_unem,8,labor_share,0.163166051224909
fevdfd_unem,8,interest,0.0482982677060397
fevdfd_unem,8,inflation,-0.0120446156716831
fevdfd_unem,8,productivity,-0.27676385457171
fevdfd_unem,8,TFP,-0.162335563724921
fevdfd_unem,9,output,-0.141011511874573
fevdfd_unem,9,investment,-0.964379353197908
fevdfd_unem,9,consumption,-0.0202440249483433
fevdfd_unem,9,hours_worked,-0.0629481976584238
fevdfd_unem,9,unemployment,-0.00203607034259563
fevdfd_unem,9,labor_share,0.1594772253884
fevdfd_unem,9,interest,0.0306132073452453
fevdfd_unem,9,inflation,-0.0164068013423199
fevdfd_unem,9,productivity,-0.25304781974933
fevdfd_unem,9,TFP,-0.152104406213244
fevdfd_unem,10,output,-0.189611856804502
fevdfd_unem,10,investment,-1.08195185970509
fevdfd_unem,10,consumption,-0.0515059632141951
fevdfd_unem,10,hours_worked,-0.122428979064802
fevdfd_unem,10,unemployment,0.0356281087501206
fevdfd_unem,10,labor_share,0.144343115897081
fevdfd_unem,10,interest,0.0140118434214187
fevdfd_unem,10,inflation,-0.0197504886412
fevdfd_unem,10,productivity,-0.225298131235005
fevdfd_unem,10,TFP,-0.143589958589283
fevdfd_unem,11,output,-0.223290561984257
fevdfd_unem,11,investment,-1.14337525562303
fevdfd_unem,11,consumption,-0.0745569703834579
fevdfd_unem,11,hours_worked,-0.165077170095519
fevdfd_unem,11,unemployment,0.0636472197950996
fevdfd_unem,11,labor_share,0.121447618082019
fevdfd_unem,11,interest,-0.000919628154840383
fevdfd_unem,11,inflation,-0.0224085002053146
fevdfd_unem,11,productivity,-0.195905385065654
fevdfd_unem,11,TFP,-0.136714867240435
fevdfd_unem,12,output,-0.243434618285374
fevdfd_unem,12,investment,-1.15616726520936
fevdfd_unem,12,consumption,-0.0904355695177059
fevdfd_unem,12,hours_worked,-0.19246263099784
fevdfd_unem,12,unemployment,0.0827271062825603
fevdfd_unem,12,labor_share,0.0932502927185239
fevdfd_unem,12,interest,-0.0137620042821513
fevdfd_unem,12,inflation,-0.0244584598962485
fevdfd_unem,12,productivity,-0.166350110598957
fevdfd_unem,12,TFP,-0.131240569087604
fevdfd_unem,13,output,-0.251754513402014
fevdfd_unem,13,investment,-1.12872863418017
fevdfd_unem,13,consumption,-0.100067942699879
fevdfd_unem,13,hours_worked,-0.206469478239301
fevdfd_unem,13,unemployment,0.0937316386418265
fevdfd_unem,13,labor_share,0.0623888382782357
fevdfd_unem,13,interest,-0.0243222612599426
fevdfd_unem,13,inflation,-0.0259939231589008
fevdfd_unem,13,productivity,-0.137999848447774
fevdfd_unem,13,TFP,-0.127051332132576
fevdfd_unem,14,output,-0.250185383334456
fevdfd_unem,14,investment,-1.06959660374696
fevdfd_unem,14,consumption,-0.104518725104148
fevdfd_unem,14,hours_worked,-0.209228478739592
fevdfd_unem,14,unemployment,0.0977612378150041
fevdfd_unem,14,labor_share,0.0311206353574787
fevdfd_unem,14,interest,-0.0325633427114466
fevdfd_unem,14,inflation,-0.0270776263245934
fevdfd_unem,14,productivity,-0.11183188110169
fevdfd_unem,14,TFP,-0.123952001768334
fevdfd_unem,15,output,-0.240662612085076
fevdfd_unem,15,investment,-0.986963121640985
fevdfd_unem,15,consumption,-0.104761565486948
fevdfd_unem,15,hours_worked,-0.202911599388211
fevdfd_unem,15,unemployment,0.0959639935436365
fevdfd_unem,15,labor_share,0.00128272571194146
fevdfd_unem,15,interest,-0.0385730801799304
fevdfd_unem,15,inflation,-0.0277503684734048
fevdfd_unem,15,productivity,-0.0885315871964066
fevdfd_unem,15,TFP,-0.121753355877377
fevdfd_unem,16,output,-0.225088784241253
fevdfd_unem,16,investment,-0.888464347893959
fevdfd_unem,16,consumption,-0.101727989011165
fevdfd_unem,16,hours_worked,-0.189646677167166
fevdfd_unem,16,unemployment,0.0895124011300803
fevdfd_unem,16,labor_share,-0.025694755217374
fevdfd_unem,16,interest,-0.0425300690112182
fevdfd_unem,16,inflation,-0.0280503073854659
fevdfd_unem,16,productivity,-0.0685135765982806
fevdfd_unem,16,TFP,-0.120241243947645
fevdfd_unem,17,output,-0.205228299845913
fevdfd_unem,17,investment,-0.780901523016587
fevdfd_unem,17,consumption,-0.0962551439917629
fevdfd_unem,17,hours_worked,-0.171423036386671
fevdfd_unem,17,unemployment,0.0795335467651281
fevdfd_unem,17,labor_share,-0.0488252802495329
fevdfd_unem,17,interest,-0.0446719407980867
fevdfd_unem,17,inflation,-0.0280097475386391
fevdfd_unem,17,productivity,-0.0519513661709971
fevdfd_unem,17,TFP,-0.119196826727587
fevdfd_unem,18,output,-0.18267171594105
fevdfd_unem,18,investment,-0.670138235607267
fevdfd_unem,18,consumption,-0.0890844396531765
fevdfd_unem,18,hours_worked,-0.150036080864981
fevdfd_unem,18,unemployment,0.0670757852266378
fevdfd_unem,18,labor_share,-0.0675095098311659
fevdfd_unem,18,interest,-0.0452706827303601
fevdfd_unem,18,inflation,-0.0276631622093573
fevdfd_unem,18,productivity,-0.038824038956486
fevdfd_unem,18,TFP,-0.118403991432504
fevdfd_unem,19,output,-0.15880009581736
fevdfd_unem,19,investment,-0.561023086271961
fevdfd_unem,19,consumption,-0.0808551926443662
fevdfd_unem,19,hours_worked,-0.127050063115198
fevdfd_unem,19,unemployment,0.0530814289780692
fevdfd_unem,19,labor_share,-0.0814986304463569
fevdfd_unem,19,interest,-0.0446110448213972
fevdfd_unem,19,inflation,-0.0270466244027306
fevdfd_unem,19,productivity,-0.0289526243153355
fevdfd_unem,19,TFP,-0.117659506002398
fevdfd_unem,20,output,-0.134771600117778
fevdfd_unem,20,investment,-0.457388490339782
fevdfd_unem,20,consumption,-0.0721047938203646
fevdfd_unem,20,hours_worked,-0.103779472080833
fevdfd_unem,20,unemployment,0.0383703084303465
fevdfd_unem,20,labor_share,-0.0908317767078959
fevdfd_unem,20,interest,-0.042974259808494
fevdfd_unem,20,inflation,-0.0261988416536748
fevdfd_unem,20,productivity,-0.0220415826509145
fevdfd_unem,20,TFP,-0.1167821659878
fevdfd_unem,21,output,-0.111519228202288
fevdfd_unem,21,investment,-0.36208938519303
fevdfd_unem,21,consumption,-0.0632730290385938
fevdfd_unem,21,hours_worked,-0.0812854765377863
fevdfd_unem,21,unemployment,0.0236322355426119
fevdfd_unem,21,labor_share,-0.0957763748642249
fevdfd_unem,21,interest,-0.0406255496335365
fevdfd_unem,21,inflation,-0.0251602515007979
fevdfd_unem,21,productivity,-0.0177147848357168
fevdfd_unem,21,TFP,-0.115619025967121
fevdfd_unem,22,output,-0.0897585376584429
fevdfd_unem,22,investment,-0.277077750573622
fevdfd_unem,22,consumption,-0.0547078374096905
fevdfd_unem,22,hours_worked,-0.0603835797648014
fevdfd_unem,22,unemployment,0.00942570977391753
fevdfd_unem,22,labor_share,-0.0967676590825005
fevdfd_unem,22,interest,-0.037805428436868
fevdfd_unem,22,inflation,-0.0239718991084645
fevdfd_unem,22,productivity,-0.0155488480793986
fevdfd_unem,22,TFP,-0.114049813965438
fevdfd_unem,23,output,-0.0700029694093784
fevdfd_unem,23,investment,-0.203500976941621
fevdfd_unem,23,consumption,-0.0466732305233164
fevdfd_unem,23,hours_worked,-0.0416601147571059
fevdfd_unem,23,unemployment,-0.00381770660328134
fevdfd_unem,23,labor_share,-0.0943528554552857
fevdfd_unem,23,interest,-0.0347241365505715
fevdfd_unem,23,inflation,-0.0226740714473371
fevdfd_unem,23,productivity,-0.0151016642672786
fevdfd_unem,23,TFP,-0.111988682604919
fevdfd_unem,24,output,-0.0525841305225688
fevdfd_unem,24,investment,-0.141814602006284
fevdfd_unem,24,consumption,-0.0393579440700432
fevdfd_unem,24,hours_worked,-0.0254947224474709
fevdfd_unem,24,unemployment,-0.0157851196851314
fevdfd_unem,24,labor_share,-0.0891417753517917
fevdfd_unem,24,interest,-0.0315587270423045
fevdfd_unem,24,inflation,-0.0213049340323967
fevdfd_unem,24,productivity,-0.0159361729528444
fevdfd_unem,24,TFP,-0.109383956246635
fevdfd_unem,25,output,-0.0376754108512341
fevdfd_unem,25,investment,-0.091901916581043
fevdfd_unem,25,consumption,-0.0328847793474202
fevdfd_unem,25,hours_worked,-0.0120867245220396
fevdfd_unem,25,unemployment,-0.0262710633750812
fevdfd_unem,25,labor_share,-0.0817648070509165
fevdfd_unem,25,interest,-0.0284523027447306
fevdfd_unem,25,inflation,-0.0198993721022986
fevdfd_unem,25,productivity,-0.0176392302145931
fevdfd_unem,25,TFP,-0.106216058920207
fevdfd_unem,26,output,-0.0253171491088463
fevdfd_unem,26,investment,-0.0531936251391226
fevdfd_unem,26,consumption,-0.0273201198779933
fevdfd_unem,26,hours_worked,-0.00148345492302652
fevdfd_unem,26,unemployment,-0.035164377869928
fevdfd_unem,26,labor_share,-0.0728389349212026
fevdfd_unem,26,interest,-0.0255149303244932
fevdfd_unem,26,inflation,-0.0184880880796087
fevdfd_unem,26,productivity,-0.0198356995420062
fevdfd_unem,26,TFP,-0.102494106202897
fevdfd_unem,27,output,-0.0154420776932076
fevdfd_unem,27,investment,-0.024782557520666
fevdfd_unem,27,consumption,-0.022683381218241
fevdfd_unem,27,hours_worked,0.00639098857076176
fevdfd_unem,27,unemployment,-0.0424340470650019
fevdfd_unem,27,labor_share,-0.0629415741816928
fevdfd_unem,27,interest,-0.0228258115413889
fevdfd_unem,27,inflation,-0.0170970168033129
fevdfd_unem,27,productivity,-0.0221981233882927
fevdfd_unem,27,TFP,-0.098251576879389
fevdfd_unem,28,output,-0.00789995057432049
fevdfd_unem,28,investment,-0.00552950054805609
fevdfd_unem,28,consumption,-0.0189561376794808
fevdfd_unem,28,hours_worked,0.0117078192629158
fevdfd_unem,28,unemployment,-0.0481147337494176
fevdfd_unem,28,labor_share,-0.0525917991734324
fevdfd_unem,28,interest,-0.0204363331608237
fevdfd_unem,28,inflation,-0.0157470478512694
fevdfd_unem,28,productivity,-0.0244524112230878
fevdfd_unem,28,TFP,-0.093541470704553
fevdfd_unem,29,output,-0.00248054276261935
fevdfd_unem,29,investment,0.00584251405557262
fevdfd_unem,29,consumption,-0.0160907234473101
fevdfd_unem,29,hours_worked,0.0147074164149738
fevdfd_unem,29,unemployment,-0.0522926159827548
fevdfd_unem,29,labor_share,-0.0422382065168691
fevdfd_unem,29,interest,-0.0183736719933278
fevdfd_unem,29,inflation,-0.0144540311627833
fevdfd_unem,29,productivity,-0.0263800910877588
fevdfd_unem,29,TFP,-0.0884313091344886
fevdfd_unem,30,output,0.00106557022038418
fevdfd_unem,30,investment,0.0106671184317358
fevdfd_unem,30,consumption,-0.0140181479533319
fevdfd_unem,30,hours_worked,0.0156756481792791
fevdfd_unem,30,unemployment,-0.0550920011755566
fevdfd_unem,30,labor_share,-0.0322525349346625
fevdfd_unem,30,interest,-0.0166446809368594
fevdfd_unem,30,inflation,-0.0132290197046495
fevdfd_unem,30,productivity,-0.0278176996374308
fevdfd_unem,30,TFP,-0.0829982697818602
fevdfd_unem,31,output,0.00300883930864252
fevdfd_unem,31,investment,0.0102674660008663
fevdfd_unem,31,consumption,-0.0126552006835266
fevdfd_unem,31,hours_worked,0.0149231164524186
fevdfd_unem,31,unemployment,-0.0566630786888717
fevdfd_unem,31,labor_share,-0.0229280843213269
fevdfd_unem,31,interest,-0.0152398319948471
fevdfd_unem,31,inflation,-0.0120786959398067
fevdfd_unem,31,productivity,-0.0286538995906249
fevdfd_unem,31,TFP,-0.0773246807256382
fevdfd_unem,32,output,0.00362538265516886
fevdfd_unem,32,investment,0.00590305051902146
fevdfd_unem,32,consumption,-0.0119106622211737
fevdfd_unem,32,hours_worked,0.0127675712976093
fevdfd_unem,32,unemployment,-0.0571710609755093
fevdfd_unem,32,labor_share,-0.0144819729836159
fevdfd_unem,32,interest,-0.0141370386909679
fevdfd_unem,32,inflation,-0.0110059266193955
fevdfd_unem,32,productivity,-0.0288248930265813
fevdfd_unem,32,TFP,-0.0714940335160827
fevdfd_unem,33,output,0.00318449717477079
fevdfd_unem,33,investment,-0.0012700877049193
fevdfd_unem,33,consumption,-0.0116905748386709
fevdfd_unem,33,hours_worked,0.00951956904025248
fevdfd_unem,33,unemployment,-0.0567868653788257
fevdfd_unem,33,labor_share,-0.00706031254358819
fevdfd_unem,33,interest,-0.013305223301539
fevdfd_unem,33,inflation,-0.0100103931386137
fevdfd_unem,33,productivity,-0.028308660008746
fevdfd_unem,33,TFP,-0.0655876138997155
fevdfd_unem,34,output,0.00193897314644502
fevdfd_unem,34,investment,-0.0102267883648878
fevdfd_unem,34,consumption,-0.011902562205698
fevdfd_unem,34,hours_worked,0.00547130520391
fevdfd_unem,34,unemployment,-0.055679401738841
fevdfd_unem,34,labor_share,-0.000745452461261983
fevdfd_unem,34,interest,-0.0127075330763968
fevdfd_unem,34,inflation,-0.0090892507468092
fevdfd_unem,34,productivity,-0.0271184977739705
fevdfd_unem,34,TFP,-0.0596817964989885
fevdfd_unem,35,output,0.000118046616795255
fevdfd_unem,35,investment,-0.0200891621411548
fevdfd_unem,35,consumption,-0.012459219808025
fevdfd_unem,35,hours_worked,0.000888441164087016
fevdfd_unem,35,unemployment,-0.0540094574389173
fevdfd_unem,35,labor_share,0.004435459614966
fevdfd_unem,35,interest,-0.0123041437618256
fevdfd_unem,35,inflation,-0.00823777758223174
fevdfd_unem,35,productivity,-0.0252962718874774
fevdfd_unem,35,TFP,-0.0538460063499785
fevdfd_unem,36,output,-0.0020772484540196
fevdfd_unem,36,investment,-0.0301334720283042
fevdfd_unem,36,consumption,-0.0132806254739951
fevdfd_unem,36,hours_worked,-0.00399534023667854
fevdfd_unem,36,unemployment,-0.0519251113578495
fevdfd_unem,36,labor_share,0.00850125005079902
fevdfd_unem,36,interest,-0.0120546181385887
fevdfd_unem,36,inflation,-0.00744998303569502
fevdfd_unem,36,productivity,-0.0229057221678617
fevdfd_unem,36,TFP,-0.0481413162361817
fevdfd_unem,37,output,-0.0044766158737509
fevdfd_unem,37,investment,-0.0397891226247968
fevdfd_unem,37,consumption,-0.0142960418861971
fevdfd_unem,37,hours_worked,-0.00898137202955985
fevdfd_unem,37,unemployment,-0.0495585615076832
fevdfd_unem,37,labor_share,0.0115073622888266
fevdfd_unem,37,interest,-0.0119198118815764
fevdfd_unem,37,inflation,-0.00671915338935418
fevdfd_unem,37,productivity,-0.02002609651728
fevdfd_unem,37,TFP,-0.0426196238971712
fevdfd_unem,38,output,-0.00694123708521572
fevdfd_unem,38,investment,-0.0486313813614887
fevdfd_unem,38,consumption,-0.015444899776871
fevdfd_unem,38,hours_worked,-0.0139069888343806
fevdfd_unem,38,unemployment,-0.0470242173830386
fevdfd_unem,38,labor_share,0.0135368003766334
fevdfd_unem,38,interest,-0.0118633389569136
fevdfd_unem,38,inflation,-0.00603832054609494
fevdfd_unem,38,productivity,-0.0167463183469239
fevdfd_unem,38,TFP,-0.0373233366301803
fevdfd_unem,39,output,-0.00936304232489329
fevdfd_unem,39,investment,-0.0563693933246786
fevdfd_unem,39,consumption,-0.0166771616193023
fevdfd_unem,39,hours_worked,-0.0186448293571362
fevdfd_unem,39,unemployment,-0.0444178862886836
fevdfd_unem,39,labor_share,0.0146916992850345
fevdfd_unem,39,interest,-0.0118526242065531
fevdfd_unem,39,inflation,-0.00540064658397311
fevdfd_unem,39,productivity,-0.0131598304305773
fevdfd_unem,39,TFP,-0.0322854814590788
fevdfd_unem,40,output,-0.0116628358172475
fevdfd_unem,40,investment,-0.062830936591771
fevdfd_unem,40,consumption,-0.017953171277903
fevdfd_unem,40,hours_worked,-0.0231008198924449
fevdfd_unem,40,unemployment,-0.0418168719096188
fevdfd_unem,40,labor_share,0.0150857535391334
fevdfd_unem,40,interest,-0.0118595820457902
fevdfd_unem,40,inflation,-0.00479972265838599
fevdfd_unem,40,productivity,-0.00936020152551896
fevdfd_unem,40,TFP,-0.0275301557371405
